chem_id,chem_name,induces_n,inhibits_n,induces_genes,inhibits_genes,badge
MESH:C076994,perfluorooctane sulfonic acid,5,10,CYP2C19|CYP3A4|SLCO1B1|UGT1A1|UGT2B7,ABCB1|CYP1A2|CYP2C19|CYP2C9|CYP2D6|CYP3A4|CYP3A5|SLCO1B1|UGT1A1|UGT2B7,Check DDI: mixed
MESH:D011794,Quercetin,7,10,ABCB1|CYP1A2|CYP2C9|CYP3A4|CYP3A5|SLCO1B1|UGT1A1,ABCB1|CYP1A2|CYP2C19|CYP2C9|CYP2D6|CYP3A4|CYP3A5|SLCO1B1|UGT1A1|UGT2B7,Check DDI: mixed
MESH:D012293,Rifampin,10,5,ABCB1|CYP1A2|CYP2C19|CYP2C9|CYP2D6|CYP3A4|CYP3A5|SLCO1B1|UGT1A1|UGT2B7,ABCB1|CYP1A2|CYP2C9|CYP3A4|SLCO1B1,Check DDI: mixed
MESH:D000082,Acetaminophen,6,9,ABCB1|CYP1A2|CYP2C9|CYP3A4|CYP3A5|UGT1A1,ABCB1|CYP1A2|CYP2C19|CYP2C9|CYP3A4|CYP3A5|SLCO1B1|UGT1A1|UGT2B7,Check DDI: mixed
MESH:D016604,Aflatoxin B1,8,9,ABCB1|CYP1A2|CYP2C9|CYP2D6|CYP3A4|CYP3A5|UGT1A1|UGT2B7,ABCB1|CYP1A2|CYP2C19|CYP2C9|CYP3A4|CYP3A5|SLCO1B1|UGT1A1|UGT2B7,Check DDI: mixed
MESH:C006780,bisphenol A,9,5,ABCB1|CYP1A2|CYP2C19|CYP2C9|CYP2D6|CYP3A4|CYP3A5|UGT1A1|UGT2B7,CYP1A2|CYP2C19|CYP3A4|SLCO1B1|UGT1A1,Check DDI: mixed
MESH:D002635,Chenodeoxycholic Acid,4,9,CYP1A2|CYP3A4|SLCO1B1|UGT1A1,ABCB1|CYP1A2|CYP2C19|CYP2C9|CYP3A4|CYP3A5|SLCO1B1|UGT1A1|UGT2B7,Check DDI: mixed
MESH:D016572,Cyclosporine,3,9,ABCB1|CYP3A4|CYP3A5,ABCB1|CYP1A2|CYP2C19|CYP2C9|CYP3A4|CYP3A5|SLCO1B1|UGT1A1|UGT2B7,Check DDI: mixed
MESH:D007654,Ketoconazole,7,9,ABCB1|CYP1A2|CYP2C19|CYP2C9|CYP2D6|CYP3A4|CYP3A5,ABCB1|CYP1A2|CYP2C19|CYP2C9|CYP2D6|CYP3A4|CYP3A5|SLCO1B1|UGT1A1,Check DDI: mixed
MESH:D019319,Okadaic Acid,3,9,ABCB1|CYP1A2|SLCO1B1,CYP1A2|CYP2C19|CYP2C9|CYP2D6|CYP3A4|CYP3A5|SLCO1B1|UGT1A1|UGT2B7,Check DDI: mixed
MESH:C017947,sodium arsenite,4,9,ABCB1|CYP1A2|CYP3A4|UGT2B7,ABCB1|CYP1A2|CYP2C19|CYP2C9|CYP2D6|CYP3A4|CYP3A5|SLCO1B1|UGT2B7,Check DDI: mixed
MESH:D014260,Triclosan,9,1,ABCB1|CYP1A2|CYP2C19|CYP2C9|CYP2D6|CYP3A4|CYP3A5|UGT1A1|UGT2B7,SLCO1B1,Check DDI: mixed
MESH:D014635,Valproic Acid,9,9,ABCB1|CYP1A2|CYP2C19|CYP2C9|CYP2D6|CYP3A4|SLCO1B1|UGT1A1|UGT2B7,ABCB1|CYP1A2|CYP2C19|CYP2C9|CYP2D6|CYP3A4|CYP3A5|SLCO1B1|UGT2B7,Check DDI: mixed
MESH:C090768,"1-(4-hydroxyphenyl)-1,2-diphenyl-1-butene",8,1,CYP1A2|CYP2C19|CYP2C9|CYP2D6|CYP3A4|CYP3A5|UGT1A1|UGT2B7,CYP2D6,Check DDI: mixed
MESH:D000069446,Atazanavir Sulfate,2,8,ABCB1|CYP3A4,ABCB1|CYP1A2|CYP2C19|CYP2C9|CYP3A4|CYP3A5|SLCO1B1|UGT1A1,Check DDI: mixed
MESH:D001564,Benzo(a)pyrene,8,8,ABCB1|CYP1A2|CYP2C19|CYP2D6|CYP3A4|CYP3A5|UGT1A1|UGT2B7,CYP1A2|CYP2C19|CYP2C9|CYP2D6|CYP3A4|CYP3A5|SLCO1B1|UGT1A1,Check DDI: mixed
MESH:D002220,Carbamazepine,8,2,ABCB1|CYP1A2|CYP2C19|CYP2C9|CYP3A4|CYP3A5|SLCO1B1|UGT1A1,ABCB1|CYP3A4,Check DDI: mixed
MESH:D003840,Deoxycholic Acid,4,8,ABCB1|CYP1A2|CYP3A4|SLCO1B1,ABCB1|CYP1A2|CYP2C19|CYP2C9|CYP3A4|CYP3A5|SLCO1B1|UGT1A1,Check DDI: mixed
MESH:D004997,Ethinyl Estradiol,8,6,ABCB1|CYP1A2|CYP2C19|CYP2C9|CYP3A4|CYP3A5|UGT1A1|UGT2B7,ABCB1|CYP1A2|CYP2C19|CYP3A4|UGT1A1|UGT2B7,Check DDI: mixed
MESH:D005978,Glutathione,8,6,ABCB1|CYP1A2|CYP2C19|CYP2C9|CYP2D6|CYP3A4|CYP3A5|SLCO1B1,ABCB1|CYP1A2|CYP2C9|CYP2D6|CYP3A4|CYP3A5,Check DDI: mixed
MESH:D005999,Glycochenodeoxycholic Acid,3,8,CYP1A2|CYP3A4|SLCO1B1,ABCB1|CYP1A2|CYP2C19|CYP2C9|CYP3A4|CYP3A5|SLCO1B1|UGT1A1,Check DDI: mixed
MESH:D006000,Glycocholic Acid,2,8,CYP1A2|SLCO1B1,ABCB1|CYP1A2|CYP2C19|CYP2C9|CYP3A4|CYP3A5|SLCO1B1|UGT1A1,Check DDI: mixed
MESH:D006002,Glycodeoxycholic Acid,2,8,CYP1A2|CYP3A4,ABCB1|CYP1A2|CYP2C19|CYP2C9|CYP3A4|CYP3A5|SLCO1B1|UGT1A1,Check DDI: mixed
MESH:D047311,Luteolin,3,8,ABCB1|CYP1A2|UGT1A1,ABCB1|CYP1A2|CYP2C19|CYP2C9|CYP3A4|CYP3A5|SLCO1B1|UGT1A1,Check DDI: mixed
MESH:C040015,myricetin,1,8,ABCB1,ABCB1|CYP1A2|CYP2C19|CYP2C9|CYP2D6|CYP3A4|UGT1A1|UGT2B7,Check DDI: mixed
MESH:C023036,perfluorooctanoic acid,6,8,CYP2C19|CYP3A4|CYP3A5|SLCO1B1|UGT1A1|UGT2B7,ABCB1|CYP1A2|CYP2C19|CYP2D6|CYP3A4|SLCO1B1|UGT1A1|UGT2B7,Check DDI: mixed
MESH:D010634,Phenobarbital,8,7,ABCB1|CYP1A2|CYP2C19|CYP2C9|CYP3A4|CYP3A5|UGT1A1|UGT2B7,ABCB1|CYP1A2|CYP2C19|CYP2C9|CYP2D6|CYP3A4|UGT2B7,Check DDI: mixed
MESH:C016583,4-(N-methyl-N-nitrosamino)-1-(3-pyridyl)-1-butanone,7,1,CYP1A2|CYP2C19|CYP2D6|CYP3A4|CYP3A5|SLCO1B1|UGT2B7,UGT2B7,Check DDI: mixed
MESH:C016601,afimoxifene,7,4,ABCB1|CYP1A2|CYP2C19|CYP2C9|CYP2D6|CYP3A4|CYP3A5,ABCB1|CYP3A4|CYP3A5|UGT1A1,Check DDI: mixed
MESH:D000638,Amiodarone,3,7,CYP2C9|CYP2D6|CYP3A4,ABCB1|CYP1A2|CYP2C19|CYP2C9|CYP2D6|CYP3A4|CYP3A5,Check DDI: mixed
MESH:D016718,Arachidonic Acid,7,4,CYP1A2|CYP2C19|CYP2C9|CYP2D6|CYP3A4|UGT1A1|UGT2B7,CYP1A2|CYP2C19|CYP2C9|CYP3A4,Check DDI: mixed
MESH:C583074,bisphenol AF,7,2,ABCB1|CYP1A2|CYP2C19|CYP2C9|CYP3A4|UGT1A1|UGT2B7,UGT1A1|UGT2B7,Check DDI: mixed
MESH:C092451,CGP 52608,7,0,CYP1A2|CYP2C19|CYP2C9|CYP3A4|CYP3A5|UGT1A1|UGT2B7,"",Check DDI: ↑
MESH:D002746,Chlorpromazine,4,7,ABCB1|CYP1A2|CYP2D6|CYP3A4,ABCB1|CYP1A2|CYP2C19|CYP2C9|CYP2D6|CYP3A4|CYP3A5,Check DDI: mixed
MESH:D004390,Chlorpyrifos,7,5,ABCB1|CYP1A2|CYP2C19|CYP2D6|CYP3A4|CYP3A5|UGT1A1,ABCB1|CYP1A2|CYP2C19|CYP2D6|CYP3A4,Check DDI: mixed
MESH:D000077144,Clopidogrel,7,7,ABCB1|CYP1A2|CYP2C19|CYP2C9|CYP2D6|CYP3A4|CYP3A5,ABCB1|CYP1A2|CYP2C19|CYP2C9|CYP3A4|SLCO1B1|UGT2B7,Check DDI: mixed
MESH:D003024,Clozapine,7,5,CYP1A2|CYP2C19|CYP2C9|CYP2D6|CYP3A4|CYP3A5|UGT1A1,ABCB1|CYP1A2|CYP2C9|CYP3A4|SLCO1B1,Check DDI: mixed
MESH:D003976,Diazinon,7,4,ABCB1|CYP1A2|CYP2C19|CYP2C9|CYP2D6|CYP3A4|CYP3A5,ABCB1|CYP1A2|CYP2C19|CYP3A4,Check DDI: mixed
MESH:D004008,Diclofenac,7,6,CYP1A2|CYP2C19|CYP2C9|CYP2D6|CYP3A4|UGT1A1|UGT2B7,CYP1A2|CYP2C9|CYP3A4|SLCO1B1|UGT1A1|UGT2B7,Check DDI: mixed
MESH:D004642,Emodin,5,7,CYP1A2|CYP2C19|CYP3A4|CYP3A5|UGT1A1,ABCB1|CYP1A2|CYP2C19|CYP2C9|CYP2D6|CYP3A4|UGT2B7,Check DDI: mixed
MESH:D004958,Estradiol,7,5,ABCB1|CYP1A2|CYP2C19|CYP2C9|CYP3A4|UGT1A1|UGT2B7,ABCB1|CYP1A2|CYP2C9|CYP3A4|UGT1A1,Check DDI: mixed
MESH:D007069,Ifosfamide,7,2,ABCB1|CYP1A2|CYP2C19|CYP2C9|CYP2D6|CYP3A4|CYP3A5,CYP3A4|CYP3A5,Check DDI: mixed
MESH:C006552,kaempferol,4,7,ABCB1|CYP1A2|CYP3A4|UGT1A1,ABCB1|CYP1A2|CYP2C9|CYP3A4|SLCO1B1|UGT1A1|UGT2B7,Check DDI: mixed
MESH:C070840,licochalcone A,0,7,"",CYP1A2|CYP2C19|CYP2C9|CYP3A4|SLCO1B1|UGT1A1|UGT2B7,Check DDI: ↓
MESH:C013592,mangiferin,3,7,ABCB1|CYP1A2|UGT1A1,ABCB1|CYP1A2|CYP2C9|CYP2D6|CYP3A4|UGT1A1|UGT2B7,Check DDI: mixed
MESH:D010936,Plant Extracts,5,7,ABCB1|CYP1A2|CYP2D6|CYP3A4|UGT2B7,ABCB1|CYP1A2|CYP2C19|CYP2C9|CYP2D6|CYP3A4|CYP3A5,Check DDI: mixed
MESH:D013629,Tamoxifen,7,4,ABCB1|CYP1A2|CYP2C19|CYP2C9|CYP2D6|CYP3A4|CYP3A5,ABCB1|CYP2D6|CYP3A4|CYP3A5,Check DDI: mixed
MESH:D013749,Tetrachlorodibenzodioxin,7,6,ABCB1|CYP1A2|CYP2C19|CYP3A4|CYP3A5|UGT1A1|UGT2B7,CYP1A2|CYP2C19|CYP2C9|CYP3A4|SLCO1B1|UGT1A1,Check DDI: mixed
MESH:D013988,Ticlopidine,7,7,CYP1A2|CYP2C19|CYP2C9|CYP2D6|CYP3A4|CYP3A5|UGT1A1,CYP1A2|CYP2C19|CYP2C9|CYP2D6|CYP3A4|SLCO1B1|UGT2B7,Check DDI: mixed
MESH:D014028,Tobacco Smoke Pollution,5,7,CYP1A2|CYP2C9|CYP3A5|UGT1A1|UGT2B7,ABCB1|CYP1A2|CYP2C19|CYP2C9|CYP3A4|CYP3A5|SLCO1B1,Check DDI: mixed
MESH:C495657,"1,1,1-trichloro-2-(4-hydroxyphenyl)-2-(4-methoxyphenyl)ethane",6,0,CYP1A2|CYP2C19|CYP2C9|CYP2D6|CYP3A4|CYP3A5,"",Check DDI: ↑
MESH:C035342,"1,4-naphthoquinone",6,0,CYP1A2|CYP2C19|CYP2C9|CYP2D6|CYP3A4|CYP3A5,"",Check DDI: ↑
MESH:C029350,1-naphthol,6,1,CYP1A2|CYP2C19|CYP2C9|CYP2D6|CYP3A4|CYP3A5,CYP1A2,Check DDI: mixed
MESH:C586542,2'-(glutathion-S-yl)-deschlorodiclofenac,6,1,CYP1A2|CYP2C19|CYP2C9|CYP2D6|CYP3A4|CYP3A5,CYP3A4,Check DDI: mixed
MESH:D019324,beta-Naphthoflavone,3,6,CYP1A2|CYP3A4|UGT1A1,CYP1A2|CYP2C19|CYP2C9|CYP2D6|CYP3A4|CYP3A5,Check DDI: mixed
MESH:D020148,Butyric Acid,6,1,ABCB1|CYP1A2|CYP2C9|CYP2D6|CYP3A5|UGT1A1,CYP2C9,Check DDI: mixed
MESH:D002185,Cannabidiol,0,6,"",CYP1A2|CYP2C19|CYP2C9|CYP2D6|CYP3A4|CYP3A5,Check DDI: ↓
MESH:C088453,Celsior,2,6,CYP1A2|CYP3A4,CYP1A2|CYP2C19|CYP2C9|CYP2D6|CYP3A4|CYP3A5,Check DDI: mixed
MESH:D020111,Chlorodiphenyl (54% Chlorine),6,0,CYP1A2|CYP2C19|CYP3A4|CYP3A5|UGT1A1|UGT2B7,"",Check DDI: ↑
MESH:D003520,Cyclophosphamide,6,2,ABCB1|CYP2C19|CYP2C9|CYP2D6|CYP3A4|CYP3A5,CYP2C19|CYP2C9,Check DDI: mixed
MESH:C093628,cyproconazole,3,6,CYP1A2|CYP2C19|CYP3A4,ABCB1|CYP2C19|CYP2C9|CYP2D6|CYP3A4|UGT2B7,Check DDI: mixed
MESH:C561627,dabrafenib,1,6,CYP3A4,ABCB1|CYP1A2|CYP2C19|CYP2C9|CYP3A4|CYP3A5,Check DDI: mixed
MESH:D003671,DEET,6,1,CYP1A2|CYP2C19|CYP2C9|CYP2D6|CYP3A4|CYP3A5,CYP2C19,Check DDI: mixed
MESH:C047386,desethylamodiaquine,6,3,CYP1A2|CYP2C19|CYP2C9|CYP2D6|CYP3A4|CYP3A5,CYP1A2|CYP2C19|CYP2C9,Check DDI: mixed
MESH:D003907,Dexamethasone,6,4,ABCB1|CYP1A2|CYP2C9|CYP3A4|CYP3A5|UGT1A1,ABCB1|CYP1A2|CYP3A4|CYP3A5,Check DDI: mixed
MESH:D019833,Genistein,4,6,ABCB1|CYP1A2|CYP3A4|UGT1A1,ABCB1|CYP1A2|CYP2C19|CYP2C9|CYP3A4|UGT1A1,Check DDI: mixed
MESH:C048393,germacrone,2,6,ABCB1|CYP3A4,ABCB1|CYP1A2|CYP2C19|CYP2C9|CYP2D6|CYP3A4,Check DDI: mixed
MESH:C058309,hypaconitine,6,1,ABCB1|CYP1A2|CYP2C19|CYP2D6|CYP3A4|CYP3A5,ABCB1,Check DDI: mixed
MESH:C005273,naringenin,3,6,ABCB1|CYP3A4|UGT1A1,ABCB1|CYP1A2|CYP2C19|CYP2C9|CYP3A4|SLCO1B1,Check DDI: mixed
MESH:C051752,nefazodone,1,6,CYP3A4,CYP1A2|CYP2C19|CYP2C9|CYP3A4|CYP3A5|SLCO1B1,Check DDI: mixed
MESH:D009529,Nicardipine,2,6,CYP1A2|CYP3A4,ABCB1|CYP1A2|CYP2C19|CYP2C9|CYP2D6|CYP3A4,Check DDI: mixed
MESH:C012655,nimesulide,6,1,ABCB1|CYP1A2|CYP2C19|CYP2C9|CYP2D6|CYP3A4,ABCB1,Check DDI: mixed
MESH:C574385,"N,N-didesmethyl-4-hydroxytamoxifen",6,2,CYP1A2|CYP2C19|CYP2C9|CYP2D6|CYP3A4|CYP3A5,CYP2C19|CYP2C9,Check DDI: mixed
MESH:C058272,norclozapine,6,2,CYP1A2|CYP2C19|CYP2C9|CYP2D6|CYP3A4|CYP3A5,CYP1A2|CYP3A4,Check DDI: mixed
MESH:C464660,obeticholic acid,2,6,CYP2D6|UGT1A1,CYP1A2|CYP2C9|CYP3A4|CYP3A5|SLCO1B1|UGT2B7,Check DDI: mixed
MESH:D009853,Omeprazole,6,4,ABCB1|CYP1A2|CYP2C19|CYP3A4|CYP3A5|UGT1A1,CYP1A2|CYP2C19|CYP2C9|CYP3A4,Check DDI: mixed
MESH:D010100,Oxygen,5,6,ABCB1|CYP1A2|CYP2D6|CYP3A4|UGT1A1,ABCB1|CYP1A2|CYP2C9|CYP2D6|CYP3A4|UGT1A1,Check DDI: mixed
MESH:D010672,Phenytoin,6,4,ABCB1|CYP2C19|CYP2C9|CYP3A4|CYP3A5|UGT1A1,ABCB1|CYP2C19|CYP2C9|CYP3A4,Check DDI: mixed
MESH:D011374,Progesterone,6,2,ABCB1|CYP2C19|CYP2C9|CYP3A4|CYP3A5|UGT1A1,ABCB1|CYP2C9,Check DDI: mixed
MESH:D000077185,Resveratrol,5,6,ABCB1|CYP1A2|CYP3A4|UGT1A1|UGT2B7,ABCB1|CYP1A2|CYP2C19|CYP2C9|CYP2D6|CYP3A4,Check DDI: mixed
MESH:C016101,shikonin,0,6,"",CYP1A2|CYP2C9|CYP2D6|CYP3A4|UGT1A1|UGT2B7,Check DDI: ↓
MESH:D012822,Silicon Dioxide,2,6,CYP1A2|CYP3A5,CYP1A2|CYP2C9|CYP3A4|CYP3A5|SLCO1B1|UGT2B7,Check DDI: mixed
MESH:D014212,Tretinoin,4,6,ABCB1|CYP1A2|CYP2C9|CYP3A4,ABCB1|CYP1A2|CYP2C19|CYP2C9|CYP2D6|CYP3A4,Check DDI: mixed
MESH:C585955,1-(3-(4-phenoxyphenoxy)-2-oxopropyl)indole-5-carboxylic acid,5,5,CYP1A2|CYP2C19|CYP2C9|CYP2D6|CYP3A4,CYP1A2|CYP2C19|CYP2C9|CYP2D6|CYP3A4,Check DDI: mixed
MESH:C517215,13-hydroxyellipticine,5,1,CYP1A2|CYP2C19|CYP2C9|CYP2D6|CYP3A4,CYP3A4,Check DDI: mixed
MESH:C000626967,1-(4-ethylphenyl-)-N-((2-methoxyphenyl)methyl) propane-2-amine,5,2,CYP1A2|CYP2C19|CYP2C9|CYP2D6|CYP3A4,CYP1A2|CYP3A4,Check DDI: mixed
MESH:C033020,1-aminobenzotriazole,1,5,CYP3A5,CYP1A2|CYP2C9|CYP2D6|CYP3A4|CYP3A5,Check DDI: mixed
MESH:C024336,1-phenylazo-2-naphthol,5,2,CYP1A2|CYP2C19|CYP2C9|CYP2D6|CYP3A4,CYP2C19|CYP2D6,Check DDI: mixed
MESH:C049584,"2-amino-1-methyl-6-phenylimidazo(4,5-b)pyridine",5,2,CYP1A2|CYP2C19|CYP2D6|CYP3A4|UGT1A1,CYP1A2|UGT1A1,Check DDI: mixed
MESH:C109602,"3-(2-(4-(3-chloro-2-methylphenyl)1-piperazinyl)ethyl)5,6-dimethoxy-1-(4-imidazolylmethyl)-1H-indazol dihydrochloride 3.5 hydrate",0,5,"",CYP1A2|CYP2C19|CYP2C9|CYP2D6|CYP3A4,Check DDI: ↓
MESH:C545880,"4,5-dihydropyrazole-1,5-dicarboxylic acid 1-((4-chlorophenyl)-amide) 5-(2-oxo-2H-(1,3')bipyridinyl-6'-yl)-amide",5,3,CYP1A2|CYP2C19|CYP2C9|CYP2D6|CYP3A4,CYP2C19|CYP2C9|CYP3A4,Check DDI: mixed
MESH:D015127,"9,10-Dimethyl-1,2-benzanthracene",5,1,CYP1A2|CYP2C19|CYP2C9|CYP2D6|CYP3A4,CYP1A2,Check DDI: mixed
MESH:D000111,Acetylcysteine,5,5,ABCB1|CYP1A2|CYP2C19|CYP2C9|CYP3A4,ABCB1|CYP1A2|CYP2C19|CYP2C9|CYP3A4,Check DDI: mixed
MESH:D000157,Aconitine,4,5,CYP2C9|CYP2D6|CYP3A4|CYP3A5,ABCB1|CYP1A2|CYP2C19|CYP2C9|CYP2D6,Check DDI: mixed
MESH:D000639,Amitriptyline,5,1,CYP1A2|CYP2C19|CYP2D6|CYP3A4|CYP3A5,CYP2D6,Check DDI: mixed
MESH:D000655,Amodiaquine,5,5,CYP1A2|CYP2C19|CYP2D6|CYP3A4|CYP3A5,CYP1A2|CYP2C19|CYP2C9|CYP3A4|UGT2B7,Check DDI: mixed
MESH:C006680,baicalein,3,5,ABCB1|CYP1A2|CYP3A4,ABCB1|CYP1A2|CYP2C19|CYP2C9|CYP3A4,Check DDI: mixed
MESH:C061004,benidipine,2,5,CYP1A2|CYP3A4,ABCB1|CYP2C19|CYP2C9|CYP2D6|CYP3A4,Check DDI: mixed
MESH:C046943,brequinar,5,0,CYP1A2|CYP2C9|CYP3A4|CYP3A5|UGT1A1,"",Check DDI: ↑
MESH:C053083,bromfenac,5,1,CYP1A2|CYP2C19|CYP2C9|CYP3A4|UGT2B7,UGT2B7,Check DDI: mixed
MESH:D002117,Calcitriol,5,2,ABCB1|CYP2C19|CYP3A4|CYP3A5|UGT1A1,ABCB1|CYP3A4,Check DDI: mixed
MESH:D002211,Capsaicin,2,5,ABCB1|UGT1A1,CYP1A2|CYP2C19|CYP2C9|CYP2D6|CYP3A4,Check DDI: mixed
MESH:C068623,carnosol,0,5,"",CYP1A2|CYP2C19|CYP2C9|CYP2D6|CYP3A4,Check DDI: ↓
MESH:D000068579,Celecoxib,2,5,ABCB1|CYP2C9,ABCB1|CYP1A2|CYP3A4|SLCO1B1|UGT2B7,Check DDI: mixed
MESH:D002738,Chloroquine,3,5,CYP2D6|CYP3A4|SLCO1B1,ABCB1|CYP1A2|CYP2D6|CYP3A4|SLCO1B1,Check DDI: mixed
MESH:C007033,chlortoluron,0,5,"",ABCB1|CYP1A2|CYP2C19|CYP2C9|CYP2D6,Check DDI: ↓
MESH:C043561,chrysin,4,5,ABCB1|CYP1A2|CYP3A4|UGT1A1,ABCB1|CYP1A2|CYP2C9|CYP3A4|UGT1A1,Check DDI: mixed
MESH:D002945,Cisplatin,5,4,ABCB1|CYP1A2|CYP3A4|CYP3A5|UGT2B7,ABCB1|CYP1A2|CYP3A4|SLCO1B1,Check DDI: mixed
MESH:C079149,clozapine N-oxide,5,2,CYP1A2|CYP2C19|CYP2D6|CYP3A4|CYP3A5,CYP1A2|CYP3A4,Check DDI: mixed
MESH:D003474,Curcumin,3,5,ABCB1|CYP3A4|UGT1A1,ABCB1|CYP1A2|CYP2D6|CYP3A4|UGT1A1,Check DDI: mixed
MESH:D036381,Diarylheptanoids,1,5,CYP3A4,CYP1A2|CYP2C19|CYP2C9|CYP2D6|CYP3A4,Check DDI: mixed
MESH:C041517,"dibenzo(a,l)pyrene",5,0,ABCB1|CYP1A2|CYP2C19|UGT1A1|UGT2B7,"",Check DDI: ↑
MESH:D004121,Dimethyl Sulfoxide,2,5,CYP1A2|CYP3A4,CYP1A2|CYP2C19|CYP2C9|CYP2D6|CYP3A4,Check DDI: mixed
MESH:C039602,diosmetin,1,5,CYP1A2,CYP1A2|CYP2C19|CYP2C9|CYP3A4|CYP3A5,Check DDI: mixed
MESH:C034192,ellipticine,5,2,CYP1A2|CYP2C19|CYP2C9|CYP2D6|CYP3A4,CYP1A2|CYP3A4,Check DDI: mixed
MESH:D004970,Estrone,5,2,ABCB1|CYP1A2|CYP3A4|UGT1A1|UGT2B7,ABCB1|CYP3A4,Check DDI: mixed
MESH:D000431,Ethanol,5,2,ABCB1|CYP1A2|CYP2C9|CYP2D6|CYP3A4,ABCB1|CYP2C9,Check DDI: mixed
MESH:D005473,Fluoxetine,4,5,CYP2C19|CYP2C9|CYP2D6|CYP3A4,CYP2C19|CYP2D6|CYP3A4|CYP3A5|SLCO1B1,Check DDI: mixed
MESH:C037032,galangin,4,5,ABCB1|CYP1A2|CYP3A4|UGT1A1,ABCB1|CYP1A2|CYP2C9|CYP3A4|UGT2B7,Check DDI: mixed
MESH:C001654,hyperforin,5,2,ABCB1|CYP2C9|CYP3A4|CYP3A5|UGT1A1,ABCB1|CYP3A4,Check DDI: mixed
MESH:C001449,inermin,0,5,"",CYP1A2|CYP2C19|CYP2C9|CYP2D6|CYP3A4,Check DDI: ↓
MESH:C549713,isocarbophos,0,5,"",CYP1A2|CYP2C19|CYP2C9|CYP2D6|CYP3A4,Check DDI: ↓
MESH:C040920,isoliquiritigenin,2,5,CYP1A2|UGT1A1,CYP1A2|CYP2C19|CYP2C9|CYP3A4|SLCO1B1,Check DDI: mixed
MESH:D008095,Lithocholic Acid,5,3,ABCB1|CYP3A4|CYP3A5|SLCO1B1|UGT2B7,CYP3A4|CYP3A5|UGT2B7,Check DDI: mixed
MESH:C501277,Mangifera indica extract,2,5,CYP1A2|UGT1A1,ABCB1|CYP1A2|CYP2C9|CYP2D6|CYP3A4,Check DDI: mixed
MESH:C050699,mepirodipine,0,5,"",ABCB1|CYP2C19|CYP2C9|CYP2D6|CYP3A4,Check DDI: ↓
MESH:D008730,Methoxsalen,2,5,ABCB1|CYP3A4,ABCB1|CYP1A2|CYP2C9|CYP2D6|CYP3A4,Check DDI: mixed
MESH:D008731,Methoxychlor,5,5,CYP1A2|CYP2C19|CYP2C9|CYP3A4|UGT1A1,CYP1A2|CYP2C19|CYP2C9|CYP2D6|CYP3A4,Check DDI: mixed
MESH:D008748,Methylcholanthrene,5,3,CYP1A2|CYP3A4|CYP3A5|UGT1A1|UGT2B7,CYP1A2|CYP3A4|UGT1A1,Check DDI: mixed
MESH:C000632506,mHA11,5,0,CYP1A2|CYP2C19|CYP2C9|CYP2D6|CYP3A4,"",Check DDI: ↑
MESH:D008939,Mitotane,3,5,ABCB1|CYP1A2|CYP3A4,ABCB1|CYP2C19|CYP2D6|CYP3A4|UGT2B7,Check DDI: mixed
MESH:D009249,NADP,5,5,CYP1A2|CYP2C19|CYP2C9|CYP2D6|CYP3A4,CYP1A2|CYP2C19|CYP2C9|CYP2D6|CYP3A4,Check DDI: mixed
MESH:C031721,naphthalene,5,2,CYP2C19|CYP2C9|CYP2D6|CYP3A4|CYP3A5,ABCB1|CYP1A2,Check DDI: mixed
MESH:C005274,naringin,0,5,"",ABCB1|CYP1A2|CYP2C9|CYP3A4|SLCO1B1,Check DDI: ↓
MESH:C082412,notopterol,5,2,CYP1A2|CYP2C19|CYP2C9|CYP2D6|CYP3A4,CYP2D6|CYP3A4,Check DDI: mixed
MESH:D017239,Paclitaxel,3,5,ABCB1|CYP2C9|CYP3A4,ABCB1|CYP1A2|CYP2C9|CYP2D6|CYP3A4,Check DDI: mixed
MESH:C006253,pirinixic acid,5,0,ABCB1|CYP1A2|CYP3A4|CYP3A5|UGT1A1,"",Check DDI: ↑
MESH:D011433,Propranolol,5,2,ABCB1|CYP2C19|CYP2C9|CYP2D6|CYP3A4,ABCB1|CYP2D6,Check DDI: mixed
MESH:C432165,pyrazolanthrone,5,5,ABCB1|CYP1A2|CYP2C9|CYP3A4|UGT1A1,ABCB1|CYP1A2|CYP2C9|CYP3A4|UGT1A1,Check DDI: mixed
MESH:D011802,Quinidine,5,4,ABCB1|CYP1A2|CYP2C19|CYP2D6|CYP3A4,ABCB1|CYP1A2|CYP2D6|CYP3A4,Check DDI: mixed
MESH:D000077154,Rosiglitazone,5,4,ABCB1|CYP1A2|CYP2C9|CYP3A4|UGT1A1,CYP2D6|CYP3A4|SLCO1B1|UGT2B7,Check DDI: mixed
MESH:D000077385,Silybin,0,5,"",ABCB1|CYP2C9|CYP3A4|UGT1A1|UGT2B7,Check DDI: ↓
MESH:D013426,Sulfaphenazole,1,5,CYP2C9,CYP1A2|CYP2C19|CYP2C9|CYP3A4|CYP3A5,Check DDI: mixed
MESH:D013645,Tartrazine,0,5,"",ABCB1|CYP2C9|CYP3A4|CYP3A5|SLCO1B1,Check DDI: ↓
MESH:C417209,thiacloprid,5,1,CYP1A2|CYP2C19|CYP2C9|CYP3A4|CYP3A5,CYP2C19,Check DDI: mixed
MESH:D008063,Thioctic Acid,0,5,"",CYP1A2|CYP2C19|CYP2C9|CYP2D6|CYP3A4,Check DDI: ↓
MESH:C507866,"trans-1,2-dihydro-1,2-naphthalenediol",5,0,CYP1A2|CYP2C19|CYP2C9|CYP2D6|CYP3A4,"",Check DDI: ↑
MESH:D014191,Tranylcypromine,5,2,CYP1A2|CYP2C19|CYP2C9|CYP2D6|CYP3A4,CYP1A2|CYP2C19,Check DDI: mixed
MESH:C023957,triflumuron,5,3,CYP1A2|CYP2C19|CYP2C9|CYP2D6|CYP3A4,CYP1A2|CYP2C19|CYP3A4,Check DDI: mixed
MESH:D000077288,Troglitazone,5,4,CYP2C19|CYP3A4|CYP3A5|SLCO1B1|UGT1A1,CYP2C19|CYP2C9|CYP3A4|CYP3A5,Check DDI: mixed
MESH:C521013,veliparib,5,0,ABCB1|CYP1A2|CYP2C19|CYP2D6|CYP3A4,"",Check DDI: ↑
MESH:D014859,Warfarin,3,5,CYP2C9|CYP3A4|UGT1A1,CYP2C9|CYP2D6|CYP3A4|UGT1A1|UGT2B7,Check DDI: mixed
MESH:C062735,zafirlukast,1,5,CYP3A4,CYP1A2|CYP2C19|CYP2C9|CYP3A4|SLCO1B1,Check DDI: mixed
MESH:C029659,zearalenol,1,5,CYP1A2,CYP1A2|CYP2C9|CYP2D6|CYP3A4|SLCO1B1,Check DDI: mixed
MESH:C517214,12-hydroxyellipticine,4,1,CYP2C19|CYP2C9|CYP2D6|CYP3A4,CYP3A4,Check DDI: mixed
MESH:C486136,16-O-demethylaconitine,4,4,CYP2C9|CYP2D6|CYP3A4|CYP3A5,CYP1A2|CYP2C19|CYP2C9|CYP2D6,Check DDI: mixed
MESH:C000595926,"2-(4-bromo-2,5-dimethoxyphenyl)-N-((2-methoxyphenyl)methyl)ethanamine",4,4,CYP1A2|CYP2C19|CYP2D6|CYP3A4,CYP2C19|CYP2C9|CYP2D6|CYP3A4,Check DDI: mixed
MESH:C000601106,"2-(4-chloro-2,5-dimethoxyphenyl)-N-((2-methoxyphenyl)methyl)ethanamine",4,4,CYP1A2|CYP2C19|CYP2D6|CYP3A4,CYP2C19|CYP2C9|CYP2D6|CYP3A4,Check DDI: mixed
MESH:C554181,"2-(4-iodo-2,5-dimethoxyphenyl)-N-(2-methoxybenzyl)ethanamine",4,4,CYP1A2|CYP2C19|CYP2D6|CYP3A4,CYP2C19|CYP2C9|CYP2D6|CYP3A4,Check DDI: mixed
MESH:C008745,"4,4'-bisphenol F",4,0,CYP1A2|CYP2C19|CYP2C9|CYP3A4,"",Check DDI: ↑
MESH:C570106,"4,4'-cyclohexylidenebisphenol",4,0,CYP1A2|CYP2C19|CYP2C9|CYP3A4,"",Check DDI: ↑
MESH:C055492,4-hydroxy-N-desmethyltamoxifen,4,2,CYP1A2|CYP2D6|CYP3A4|CYP3A5,CYP2C9|CYP2D6,Check DDI: mixed
MESH:C001470,4-ipomeanol,4,0,CYP1A2|CYP2C19|CYP2D6|CYP3A4,"",Check DDI: ↑
MESH:C094781,"5,4'-dihydroxy-3,6,7,8,3'-pentamethoxyflavone",0,4,"",CYP1A2|CYP2C19|CYP2C9|CYP3A4,Check DDI: ↓
MESH:C040997,5-bromotryptamine,0,4,"",CYP1A2|CYP2C19|CYP2C9|CYP2D6,Check DDI: ↓
MESH:C529169,5-chlorotryptamine,0,4,"",CYP1A2|CYP2C19|CYP2C9|CYP2D6,Check DDI: ↓
MESH:C051101,5-fluoro-alpha-methyltryptamine,0,4,"",CYP1A2|CYP2C19|CYP2C9|CYP2D6,Check DDI: ↓
MESH:C034536,5-fluorotryptamine,0,4,"",CYP1A2|CYP2C19|CYP2C9|CYP2D6,Check DDI: ↓
MESH:C117715,5-hydroxydiclofenac,4,1,CYP2C19|CYP2D6|CYP3A4|CYP3A5,CYP3A4,Check DDI: mixed
MESH:C062711,5-hydroxyflavone,2,4,CYP1A2|CYP3A4,ABCB1|CYP1A2|CYP2C9|CYP3A4,Check DDI: mixed
MESH:C027552,5-methyltryptamine,0,4,"",CYP1A2|CYP2C19|CYP2C9|CYP2D6,Check DDI: ↓
MESH:C084236,7-hydroxy-4-trifluoromethylcoumarin,4,3,CYP1A2|CYP2C19|UGT1A1|UGT2B7,CYP1A2|UGT1A1|UGT2B7,Check DDI: mixed
MESH:C429845,7-hydroxyflavone,1,4,CYP3A4,CYP1A2|CYP2C19|CYP2C9|CYP3A4,Check DDI: mixed
MESH:C036696,7-methyltryptamine,0,4,"",CYP1A2|CYP2C19|CYP2C9|CYP2D6,Check DDI: ↓
MESH:C000615602,AB-FUBINACA,0,4,"",CYP2C19|CYP2C9|CYP2D6|SLCO1B1,Check DDI: ↓
MESH:C496492,abrine,4,1,CYP1A2|CYP2C9|CYP3A5|SLCO1B1,UGT1A1,Check DDI: mixed
MESH:C409045,almotriptan,2,4,CYP2D6|CYP3A4,CYP1A2|CYP2C19|CYP2D6|CYP3A4,Check DDI: mixed
MESH:D017962,alpha-Linolenic Acid,2,4,CYP2C19|CYP2C9,CYP1A2|CYP2C19|CYP2C9|CYP3A4,Check DDI: mixed
MESH:D000661,Amphetamine,4,4,CYP1A2|CYP2C19|CYP2D6|CYP3A4,CYP1A2|CYP2C19|CYP2D6|CYP3A4,Check DDI: mixed
MESH:D047310,Apigenin,2,4,CYP3A4|UGT1A1,CYP1A2|CYP2C9|CYP3A4|SLCO1B1,Check DDI: mixed
MESH:D001151,Arsenic,4,1,ABCB1|CYP1A2|CYP3A4|UGT1A1,CYP3A5,Check DDI: mixed
MESH:D000077237,Arsenic Trioxide,3,4,ABCB1|CYP1A2|CYP3A4,ABCB1|CYP1A2|CYP2D6|CYP3A4,Check DDI: mixed
MESH:C516713,auriculasin,3,4,CYP2C19|CYP2C9|CYP2D6,CYP2C19|CYP2C9|CYP2D6|CYP3A4,Check DDI: mixed
MESH:D001663,Bilirubin,4,4,CYP2C9|CYP3A4|SLCO1B1|UGT1A1,CYP2C9|CYP3A4|SLCO1B1|UGT1A1,Check DDI: mixed
MESH:C004541,biochanin A,2,4,CYP1A2|UGT1A1,ABCB1|CYP1A2|CYP2C9|SLCO1B1,Check DDI: mixed
MESH:C010831,bufuralol,4,1,CYP1A2|CYP2C19|CYP2C9|CYP2D6,CYP2D6,Check DDI: mixed
MESH:C062047,chelidonine,4,0,CYP1A2|CYP2C19|CYP2D6|CYP3A4,"",Check DDI: ↑
MESH:D002927,Cimetidine,1,4,CYP3A4,CYP1A2|CYP2C9|CYP2D6|CYP3A4,Check DDI: mixed
MESH:C029010,cinnamic acid,0,4,"",CYP2C19|CYP2C9|CYP2D6|CYP3A4,Check DDI: ↓
MESH:D002995,Clofibric Acid,4,1,CYP2C9|CYP3A4|UGT1A1|UGT2B7,UGT2B7,Check DDI: mixed
MESH:C480342,clothianidin,4,0,CYP1A2|CYP2C9|CYP3A4|CYP3A5,"",Check DDI: ↑
MESH:D003022,Clotrimazole,4,3,ABCB1|CYP2C9|CYP3A4|CYP3A5,ABCB1|CYP2C9|CYP3A4,Check DDI: mixed
MESH:D003345,Corticosterone,4,1,CYP1A2|CYP2C9|CYP2D6|CYP3A4,CYP3A4,Check DDI: mixed
MESH:D003505,Cyclodextrins,1,4,CYP2C9,CYP1A2|CYP2C19|CYP2D6|CYP3A4,Check DDI: mixed
MESH:D003609,Dactinomycin,4,4,ABCB1|CYP1A2|CYP3A4|CYP3A5,ABCB1|CYP1A2|CYP3A4|CYP3A5,Check DDI: mixed
MESH:C004742,daidzein,1,4,UGT1A1,ABCB1|CYP2C9|CYP2D6|CYP3A4,Check DDI: mixed
MESH:D003622,Dapsone,4,1,CYP2C19|CYP2C9|CYP2D6|CYP3A4,CYP2C9,Check DDI: mixed
MESH:C017180,decamethrin,4,3,ABCB1|CYP2C19|CYP2C9|CYP3A4,ABCB1|CYP2D6|CYP3A4,Check DDI: mixed
MESH:D004051,Diethylhexyl Phthalate,3,4,ABCB1|CYP2D6|CYP3A4,CYP2D6|CYP3A4|CYP3A5|SLCO1B1,Check DDI: mixed
MESH:C012906,dihydrocapsaicin,0,4,"",CYP1A2|CYP2C19|CYP2C9|CYP2D6,Check DDI: ↓
MESH:C012621,dimemorfan,4,2,CYP2C19|CYP2C9|CYP2D6|CYP3A4,CYP2D6|CYP3A4,Check DDI: mixed
MESH:D004281,Docosahexaenoic Acids,2,4,CYP2C19|CYP2C9,CYP1A2|CYP2C19|CYP2C9|CYP3A4,Check DDI: mixed
MESH:D004317,Doxorubicin,3,4,ABCB1|CYP2D6|CYP3A4,ABCB1|CYP1A2|CYP2D6|CYP3A4,Check DDI: mixed
MESH:D000077764,Dronedarone,4,3,CYP2C19|CYP2D6|CYP3A4|CYP3A5,CYP2D6|CYP3A4|CYP3A5,Check DDI: mixed
MESH:D015118,Eicosapentaenoic Acid,2,4,CYP2C19|CYP2C9,CYP1A2|CYP2C19|CYP2C9|CYP3A4,Check DDI: mixed
MESH:C017435,enilconazole,3,4,CYP1A2|CYP3A4|CYP3A5,CYP2C19|CYP2C9|CYP3A4|UGT2B7,Check DDI: mixed
MESH:D004917,Erythromycin,1,4,CYP3A4,ABCB1|CYP3A4|CYP3A5|SLCO1B1,Check DDI: mixed
MESH:D005047,Etoposide,4,3,ABCB1|CYP1A2|CYP3A4|UGT1A1,ABCB1|CYP3A4|CYP3A5,Check DDI: mixed
MESH:D005054,Eugenol,4,1,CYP1A2|CYP2C9|CYP2D6|UGT1A1,CYP2D6,Check DDI: mixed
MESH:C017690,fenvalerate,4,3,CYP1A2|CYP2C19|CYP2C9|CYP3A4,ABCB1|CYP2D6|CYP3A4,Check DDI: mixed
MESH:C082360,fipronil,4,2,CYP1A2|CYP2C9|CYP3A4|CYP3A5,CYP2C19|CYP2D6,Check DDI: mixed
MESH:C043562,flavone,3,4,ABCB1|CYP1A2|CYP3A4,ABCB1|CYP1A2|CYP2C9|CYP3A4,Check DDI: mixed
MESH:D015725,Fluconazole,1,4,CYP2C19,CYP2C19|CYP2C9|CYP3A4|UGT2B7,Check DDI: mixed
MESH:D005485,Flutamide,4,1,ABCB1|CYP1A2|CYP2C19|CYP3A4,CYP3A4,Check DDI: mixed
MESH:C543009,flutriafol,4,4,CYP1A2|CYP2C19|CYP2C9|CYP3A4,CYP1A2|CYP2C19|CYP2C9|CYP3A4,Check DDI: mixed
MESH:D005672,Fusidic Acid,0,4,"",ABCB1|CYP3A4|SLCO1B1|UGT1A1,Check DDI: ↓
MESH:C063170,Ginkgo biloba extract,4,3,ABCB1|CYP1A2|CYP3A4|UGT1A1,CYP1A2|CYP2C9|CYP3A4,Check DDI: mixed
MESH:D006861,Hydrogen Peroxide,4,1,CYP1A2|CYP2C9|CYP2D6|CYP3A4,CYP1A2,Check DDI: mixed
MESH:D007099,Imipramine,1,4,CYP1A2,CYP1A2|CYP2C19|CYP3A4|SLCO1B1,Check DDI: mixed
MESH:D000077146,Irinotecan,4,4,ABCB1|CYP3A4|CYP3A5|UGT1A1,ABCB1|CYP2C9|CYP3A4|UGT1A1,Check DDI: mixed
MESH:D017964,Itraconazole,1,4,CYP3A4,ABCB1|CYP2C19|CYP2C9|CYP3A4,Check DDI: mixed
MESH:D007559,Ivermectin,1,4,ABCB1,ABCB1|CYP2C9|CYP2D6|CYP3A4,Check DDI: mixed
MESH:C011889,kavain,4,0,CYP1A2|CYP2C19|CYP2D6|CYP3A4,"",Check DDI: ↑
MESH:D064747,Lansoprazole,4,3,CYP1A2|CYP2C19|CYP2C9|CYP3A4,CYP2C19|CYP2C9|CYP3A4,Check DDI: mixed
MESH:D000077339,Leflunomide,4,1,CYP1A2|CYP2C9|CYP3A4|UGT1A1,CYP3A4,Check DDI: mixed
MESH:C011896,lephetamine,0,4,"",CYP1A2|CYP2C19|CYP2D6|CYP3A4,Check DDI: ↓
MESH:D019787,Linoleic Acid,2,4,CYP2C19|CYP2C9,CYP1A2|CYP2C19|CYP2C9|CYP3A4,Check DDI: mixed
MESH:D008528,Mefenamic Acid,4,2,CYP1A2|CYP2C19|CYP2C9|CYP3A4,CYP1A2|UGT2B7,Check DDI: mixed
MESH:D008549,Melarsoprol,0,4,"",CYP2C19|CYP2C9|CYP2D6|CYP3A4,Check DDI: ↓
MESH:D008727,Methotrexate,4,4,ABCB1|CYP3A4|SLCO1B1|UGT1A1,ABCB1|CYP1A2|CYP2C9|CYP3A4,Check DDI: mixed
MESH:D008825,Miconazole,1,4,CYP3A4,ABCB1|CYP2C19|CYP2C9|CYP3A4,Check DDI: mixed
MESH:D015735,Mifepristone,3,4,CYP1A2|CYP3A4|CYP3A5,ABCB1|CYP1A2|CYP3A4|CYP3A5,Check DDI: mixed
MESH:C518174,MK-0524,4,0,CYP2C9|CYP3A4|UGT1A1|UGT2B7,"",Check DDI: ↑
MESH:C016599,mono-(2-ethylhexyl)phthalate,4,1,CYP2C19|CYP2C9|CYP3A4|UGT2B7,CYP3A4,Check DDI: mixed
MESH:C028787,N-desmethyltamoxifen,4,3,CYP1A2|CYP2D6|CYP3A4|CYP3A5,CYP2D6|CYP3A4|CYP3A5,Check DDI: mixed
MESH:C000598690,"N-ethyl-1,2-diphenylethylamine",0,4,"",CYP1A2|CYP2C19|CYP2D6|CYP3A4,Check DDI: ↓
MESH:D009532,Nickel,0,4,"",ABCB1|CYP1A2|CYP3A4|CYP3A5,Check DDI: ↓
MESH:D018817,"N-Methyl-3,4-methylenedioxyamphetamine",2,4,CYP2D6|CYP3A4,ABCB1|CYP1A2|CYP2D6|CYP3A4,Check DDI: mixed
MESH:D009661,Nortriptyline,4,1,CYP1A2|CYP2D6|CYP3A4|CYP3A5,CYP2D6,Check DDI: mixed
MESH:C008692,nuciferine,4,2,CYP1A2|CYP2C19|CYP3A4|CYP3A5,CYP1A2|CYP2D6,Check DDI: mixed
MESH:C025589,ochratoxin A,4,3,CYP1A2|CYP2C9|CYP3A4|CYP3A5,CYP3A4|CYP3A5|UGT2B7,Check DDI: mixed
MESH:D010278,Parathion,4,1,CYP1A2|CYP2C9|CYP3A4|UGT1A1,ABCB1,Check DDI: mixed
MESH:C510777,pedalitin,0,4,"",CYP1A2|CYP2C19|CYP2C9|CYP3A4,Check DDI: ↓
MESH:D010419,Pentamidine,0,4,"",CYP2C19|CYP2C9|CYP2D6|CYP3A4,Check DDI: ↓
MESH:C471071,perfluorohexanesulfonic acid,4,4,CYP3A4|CYP3A5|SLCO1B1|UGT1A1,CYP2C19|CYP2D6|CYP3A4|UGT1A1,Check DDI: mixed
MESH:D010480,Perhexiline,4,2,CYP1A2|CYP2C19|CYP2D6|CYP3A4,CYP1A2|CYP2D6,Check DDI: mixed
MESH:C023470,perhexiline maleate,4,1,CYP1A2|CYP2C19|CYP2D6|CYP3A4,CYP2D6,Check DDI: mixed
MESH:D026023,Permethrin,4,1,CYP1A2|CYP2C19|CYP3A4|CYP3A5,CYP3A4,Check DDI: mixed
MESH:C033457,phenobarbital quinidine,4,4,CYP2C9|CYP3A4|SLCO1B1|UGT1A1,CYP2C9|CYP3A4|SLCO1B1|UGT1A1,Check DDI: mixed
MESH:C045950,propiconazole,3,4,ABCB1|CYP1A2|CYP3A4,ABCB1|CYP2C19|CYP3A4|SLCO1B1,Check DDI: mixed
MESH:C107773,pterostilbene,1,4,UGT1A1,CYP1A2|CYP2C19|UGT1A1|UGT2B7,Check DDI: mixed
MESH:C523099,rabeprazole-thioether,0,4,"",CYP2C19|CYP2C9|CYP2D6|CYP3A4,Check DDI: ↓
MESH:C020491,rhein,0,4,"",CYP1A2|CYP2C19|CYP2C9|CYP2D6,Check DDI: ↓
MESH:D018967,Risperidone,4,3,ABCB1|CYP2D6|CYP3A4|CYP3A5,ABCB1|CYP2D6|CYP3A4,Check DDI: mixed
MESH:D019438,Ritonavir,4,4,CYP1A2|CYP2C19|CYP2C9|CYP3A4,ABCB1|CYP3A4|CYP3A5|SLCO1B1,Check DDI: mixed
MESH:C072500,rubiadin,0,4,"",CYP1A2|CYP2C19|CYP2C9|CYP2D6,Check DDI: ↓
MESH:D020280,Sertraline,4,4,ABCB1|CYP2C19|CYP3A4|UGT2B7,CYP2C19|CYP2C9|CYP2D6|CYP3A4,Check DDI: mixed
MESH:C461819,sophoranone,0,4,"",CYP2C19|CYP2C9|CYP2D6|CYP3A4,Check DDI: ↓
MESH:C024075,styrofoam,0,4,"",CYP1A2|CYP2C9|CYP2D6|CYP3A4,Check DDI: ↓
MESH:C016766,sulforaphane,3,4,ABCB1|CYP3A4|UGT1A1,ABCB1|CYP1A2|CYP3A4|UGT1A1,Check DDI: mixed
MESH:C508967,tamarixetin,4,0,ABCB1|CYP1A2|CYP3A4|CYP3A5,"",Check DDI: ↑
MESH:D013739,Testosterone,4,2,CYP3A4|CYP3A5|UGT1A1|UGT2B7,CYP3A4|CYP3A5,Check DDI: mixed
MESH:D013806,Theophylline,1,4,CYP1A2,CYP1A2|CYP3A4|SLCO1B1|UGT2B7,Check DDI: mixed
MESH:D013827,Thiabendazole,4,3,CYP1A2|CYP2C19|CYP3A4|UGT1A1,ABCB1|CYP1A2|CYP2C9,Check DDI: mixed
MESH:C479163,tofacitinib,4,1,CYP1A2|CYP2C19|CYP2D6|CYP3A4,CYP3A4,Check DDI: mixed
MESH:C012589,trichostatin A,4,0,ABCB1|CYP1A2|CYP3A4|UGT1A1,"",Check DDI: ↑
MESH:D014363,Tryptamines,0,4,"",CYP1A2|CYP2C19|CYP2C9|CYP2D6,Check DDI: ↓
MESH:C113580,U 0126,4,4,ABCB1|CYP3A4|CYP3A5|UGT1A1,ABCB1|CYP3A4|CYP3A5|UGT1A1,Check DDI: mixed
MESH:D014580,Ursodeoxycholic Acid,4,1,ABCB1|CYP3A4|SLCO1B1|UGT2B7,SLCO1B1,Check DDI: mixed
MESH:D014750,Vincristine,4,1,ABCB1|CYP2C9|CYP3A4|CYP3A5,ABCB1,Check DDI: mixed
MESH:D065819,Voriconazole,0,4,"",CYP2C19|CYP2C9|CYP3A4|CYP3A5,Check DDI: ↓
MESH:D015025,Zearalenone,3,4,CYP1A2|CYP3A4|UGT1A1,CYP1A2|CYP2C9|CYP3A4|SLCO1B1,Check DDI: mixed
MESH:C026486,"1,2,5,6-dibenzanthracene",3,1,CYP1A2|CYP2C9|CYP2D6,CYP1A2,Check DDI: mixed
MESH:C439392,"1-(2-methyl-4-methoxyphenyl)-4-((2-hydroxyethyl)amino)-6-trifluoromethoxy-2,3-dihydropyrrolo(3,2-c)quinoline",1,3,CYP3A4,CYP1A2|CYP2C9|CYP2D6,Check DDI: mixed
MESH:C028474,"1,4-bis(2-(3,5-dichloropyridyloxy))benzene",3,1,CYP1A2|CYP3A4|UGT2B7,UGT2B7,Check DDI: mixed
MESH:C022957,1-methylindole,3,0,ABCB1|CYP1A2|CYP3A4,"",Check DDI: ↑
MESH:C054919,"2,2-(2-chlorophenyl-4'-chlorophenyl)-1,1-dichloroethene",3,3,ABCB1|CYP1A2|UGT2B7,CYP2C19|CYP2D6|CYP3A4,Check DDI: mixed
MESH:C054917,"2,2-(2-chlorophenyl-4'-chlorophenyl)acetic acid",1,3,ABCB1,CYP2C19|CYP3A4|SLCO1B1,Check DDI: mixed
MESH:C077584,"2-amino-1-methyl-6-(4-hydroxyphenyl)imidazo(4,5-b)pyridine",3,0,CYP1A2|CYP2C19|CYP2D6,"",Check DDI: ↑
MESH:C003898,2-anisidine,3,0,CYP1A2|CYP2D6|CYP3A4,"",Check DDI: ↑
MESH:C060533,"2-hydroxyamino-1-methyl-6-phenylimidazo(4,5-b)pyridine",3,1,CYP1A2|CYP2C19|UGT1A1,UGT1A1,Check DDI: mixed
MESH:C001390,2-hydroxyestradiol,3,2,CYP1A2|CYP3A4|UGT1A1,CYP1A2|CYP3A4,Check DDI: mixed
MESH:C022958,2-methylindole,3,0,ABCB1|CYP1A2|CYP3A4,"",Check DDI: ↑
MESH:C540904,2-oxo-clopidogrel,3,3,CYP2C19|CYP2C9|CYP3A4,CYP2C19|CYP2C9|CYP3A4,Check DDI: mixed
MESH:C018855,2-tert-butylhydroquinone,3,1,CYP2C19|CYP2C9|UGT2B7,CYP2C9,Check DDI: mixed
MESH:C016392,"3,3'-diindolylmethane",3,3,ABCB1|CYP1A2|CYP3A4,ABCB1|CYP1A2|CYP3A4,Check DDI: mixed
MESH:C509288,"3',4'-dimethoxyflavone",1,3,CYP1A2,CYP1A2|CYP2C9|CYP3A4,Check DDI: mixed
MESH:C016834,"3,5-xylenol",3,0,CYP1A2|CYP2C19|CYP2D6,"",Check DDI: ↑
MESH:C571631,3-bromomethcathinone,3,0,CYP1A2|CYP2C19|CYP3A4,"",Check DDI: ↑
MESH:C041477,3-hydroxyflavone,3,3,ABCB1|CYP3A4|CYP3A5,CYP1A2|CYP2C9|CYP3A4,Check DDI: mixed
MESH:C516284,4-cumylphenol,3,0,ABCB1|CYP3A4|UGT1A1,"",Check DDI: ↑
MESH:C012358,4-hydroxycyclophosphamide,3,0,CYP2C19|CYP2C9|CYP3A4,"",Check DDI: ↑
MESH:C487850,4'-methoxyflavone,0,3,"",CYP1A2|CYP2C9|CYP3A4,Check DDI: ↓
MESH:C044390,4-(methylsulfinyl)phenol,3,0,CYP1A2|CYP2C19|CYP2D6,"",Check DDI: ↑
MESH:C105260,4-tert-octylphenol,3,0,CYP2C19|CYP2C9|UGT2B7,"",Check DDI: ↑
MESH:C000602588,"5,4'-dihydroxy-3,6,7-trimethoxyflavone",0,3,"",CYP1A2|CYP2D6|CYP3A4,Check DDI: ↓
MESH:C544471,5-hydroxythalidomide,3,0,CYP2C19|CYP3A4|CYP3A5,"",Check DDI: ↑
MESH:C487413,5-methoxyindole,0,3,"",CYP2C9|CYP2D6|CYP3A4,Check DDI: ↓
MESH:C093726,5-methylindole,3,0,ABCB1|CYP1A2|CYP3A4,"",Check DDI: ↑
MESH:C000588958,5-(N-(4-((4-ethylbenzyl)thio)phenyl)sulfamoyl)-2-methylbenzoic acid,0,3,"",CYP2C19|CYP2C9|SLCO1B1,Check DDI: ↓
