rsid,efo_id,trait,pvalue,study_accession,source,source_version
rs3735080,,Lymphocyte percentage of white cells,6e-20,PMID:32888494,GWAS Catalog,GWAS Catalog 2025-10-13
rs9987289,,Lymphocyte percentage of white cells,1e-13,PMID:32888494,GWAS Catalog,GWAS Catalog 2025-10-13
rs4737009,,Lymphocyte percentage of white cells,2e-21,PMID:32888494,GWAS Catalog,GWAS Catalog 2025-10-13
rs385893,,Neutrophil count,3e-31,PMID:32888493,GWAS Catalog,GWAS Catalog 2025-10-13
rs3747869,,Neutrophil count,2e-24,PMID:32888493,GWAS Catalog,GWAS Catalog 2025-10-13
rs1990760,,Neutrophil count,2e-12,PMID:32888493,GWAS Catalog,GWAS Catalog 2025-10-13
rs3931,,Neutrophil count,4e-27,PMID:32888493,GWAS Catalog,GWAS Catalog 2025-10-13
rs1375493,,Neutrophil count,5e-32,PMID:32888493,GWAS Catalog,GWAS Catalog 2025-10-13
rs1047891,,Neutrophil count,2e-20,PMID:32888493,GWAS Catalog,GWAS Catalog 2025-10-13
rs12487658,,Neutrophil count,8e-11,PMID:32888493,GWAS Catalog,GWAS Catalog 2025-10-13
rs6831368,,Neutrophil count,2e-24,PMID:32888493,GWAS Catalog,GWAS Catalog 2025-10-13
rs7803075,,Neutrophil count,1e-17,PMID:32888493,GWAS Catalog,GWAS Catalog 2025-10-13
rs12550612,,Neutrophil count,3e-34,PMID:32888493,GWAS Catalog,GWAS Catalog 2025-10-13
rs6985508,,Neutrophil count,1e-39,PMID:32888493,GWAS Catalog,GWAS Catalog 2025-10-13
rs13182141,,Neutrophil count,7e-18,PMID:32888493,GWAS Catalog,GWAS Catalog 2025-10-13
rs1321309,,Neutrophil count,4e-18,PMID:32888493,GWAS Catalog,GWAS Catalog 2025-10-13
rs915125,,Neutrophil count,1e-14,PMID:32888493,GWAS Catalog,GWAS Catalog 2025-10-13
rs4707609,,Neutrophil count,5e-12,PMID:32888493,GWAS Catalog,GWAS Catalog 2025-10-13
rs1490384,,Neutrophil count,6e-12,PMID:32888493,GWAS Catalog,GWAS Catalog 2025-10-13
rs932589,,Neutrophil count,8e-17,PMID:32888493,GWAS Catalog,GWAS Catalog 2025-10-13
rs643177,,Neutrophil count,4e-14,PMID:32888493,GWAS Catalog,GWAS Catalog 2025-10-13
rs2710804,,Neutrophil count,2e-21,PMID:32888493,GWAS Catalog,GWAS Catalog 2025-10-13
rs7781509,,Neutrophil count,2e-10,PMID:32888493,GWAS Catalog,GWAS Catalog 2025-10-13
rs445,,Neutrophil count,1e-239,PMID:32888493,GWAS Catalog,GWAS Catalog 2025-10-13
rs38859,,Neutrophil count,7e-11,PMID:32888493,GWAS Catalog,GWAS Catalog 2025-10-13
rs17467825,,Neutrophil count,1e-38,PMID:32888493,GWAS Catalog,GWAS Catalog 2025-10-13
rs9131,,Neutrophil count,0.0,PMID:32888493,GWAS Catalog,GWAS Catalog 2025-10-13
rs7679673,,Neutrophil count,1e-32,PMID:32888493,GWAS Catalog,GWAS Catalog 2025-10-13
rs2290846,,Neutrophil count,2e-18,PMID:32888493,GWAS Catalog,GWAS Catalog 2025-10-13
rs1445171,,Neutrophil count,8e-12,PMID:32888493,GWAS Catalog,GWAS Catalog 2025-10-13
rs2522051,,Neutrophil count,1e-33,PMID:32888493,GWAS Catalog,GWAS Catalog 2025-10-13
rs776746,,Tacrolimus trough concentration in kidney transplant patients,4e-97,PMID:30801552,GWAS Catalog,GWAS Catalog 2025-10-13
rs35599367,,Tacrolimus trough concentration in kidney transplant patients,6e-18,PMID:30801552,GWAS Catalog,GWAS Catalog 2025-10-13
rs776746,,Tacrolimus trough concentration in kidney transplant patients,5e-35,PMID:30801552,GWAS Catalog,GWAS Catalog 2025-10-13
rs10795523,,Mean corpuscular hemoglobin,3e-09,PMID:32888494,GWAS Catalog,GWAS Catalog 2025-10-13
rs4332427,,Mean corpuscular hemoglobin,8e-19,PMID:32888494,GWAS Catalog,GWAS Catalog 2025-10-13
rs12240508,,Mean corpuscular hemoglobin,6e-10,PMID:32888494,GWAS Catalog,GWAS Catalog 2025-10-13
rs11244669,,Mean corpuscular hemoglobin,9e-16,PMID:32888494,GWAS Catalog,GWAS Catalog 2025-10-13
rs11041699,,Mean corpuscular hemoglobin,4e-11,PMID:32888494,GWAS Catalog,GWAS Catalog 2025-10-13
rs2351959,,Mean corpuscular hemoglobin,1e-12,PMID:32888494,GWAS Catalog,GWAS Catalog 2025-10-13
rs2942194,,Mean corpuscular hemoglobin,2e-30,PMID:32888494,GWAS Catalog,GWAS Catalog 2025-10-13
rs13277237,,Mean corpuscular hemoglobin,7e-30,PMID:32888494,GWAS Catalog,GWAS Catalog 2025-10-13
rs11784833,,Mean corpuscular hemoglobin,4e-13,PMID:32888494,GWAS Catalog,GWAS Catalog 2025-10-13
rs385893,,Mean corpuscular hemoglobin,3e-21,PMID:32888494,GWAS Catalog,GWAS Catalog 2025-10-13
rs12125200,,Platelet count,2e-57,PMID:32888493,GWAS Catalog,GWAS Catalog 2025-10-13
rs1172130,,Platelet count,3e-139,PMID:32888493,GWAS Catalog,GWAS Catalog 2025-10-13
rs1891058,,Platelet count,3e-11,PMID:32888493,GWAS Catalog,GWAS Catalog 2025-10-13
rs12071510,,Platelet count,8e-22,PMID:32888493,GWAS Catalog,GWAS Catalog 2025-10-13
rs4669879,,Platelet count,3e-29,PMID:32888493,GWAS Catalog,GWAS Catalog 2025-10-13
rs1260326,,Platelet count,1e-98,PMID:32888493,GWAS Catalog,GWAS Catalog 2025-10-13
rs4670779,,Platelet count,4e-20,PMID:32888493,GWAS Catalog,GWAS Catalog 2025-10-13
rs1569419,,Platelet count,2e-20,PMID:32888493,GWAS Catalog,GWAS Catalog 2025-10-13
rs1253920,,Platelet count,4e-11,PMID:32888493,GWAS Catalog,GWAS Catalog 2025-10-13
rs7356,,Platelet count,2e-33,PMID:32888493,GWAS Catalog,GWAS Catalog 2025-10-13
rs157198,,Platelet count,5e-19,PMID:32888493,GWAS Catalog,GWAS Catalog 2025-10-13
rs35343437,,Platelet count,2e-14,PMID:32888493,GWAS Catalog,GWAS Catalog 2025-10-13
rs7036656,,Platelet count,2e-97,PMID:32888493,GWAS Catalog,GWAS Catalog 2025-10-13
rs310244,,Platelet count,1e-11,PMID:32888493,GWAS Catalog,GWAS Catalog 2025-10-13
rs3736313,,Platelet count,2e-12,PMID:32888493,GWAS Catalog,GWAS Catalog 2025-10-13
rs630505,,Platelet count,9e-20,PMID:32888493,GWAS Catalog,GWAS Catalog 2025-10-13
rs1017404,,Modic changes,4e-06,PMID:30808802,GWAS Catalog,GWAS Catalog 2025-10-13
rs11082304,,Platelet count,5e-27,PMID:32888493,GWAS Catalog,GWAS Catalog 2025-10-13
rs6136489,,Platelet count,9e-35,PMID:32888493,GWAS Catalog,GWAS Catalog 2025-10-13
rs6070696,,Platelet count,1e-16,PMID:32888493,GWAS Catalog,GWAS Catalog 2025-10-13
rs738409,,Platelet count,1e-33,PMID:32888493,GWAS Catalog,GWAS Catalog 2025-10-13
rs10758658,,Platelet count,4e-10,PMID:32888493,GWAS Catalog,GWAS Catalog 2025-10-13
rs1354034,,Platelet count,1e-18,PMID:32888493,GWAS Catalog,GWAS Catalog 2025-10-13
rs1569419,,Platelet count,2e-22,PMID:32888493,GWAS Catalog,GWAS Catalog 2025-10-13
rs3809627,,Mean corpuscular hemoglobin,1e-69,PMID:32888494,GWAS Catalog,GWAS Catalog 2025-10-13
rs2602431,,Mean corpuscular hemoglobin,1e-11,PMID:32888494,GWAS Catalog,GWAS Catalog 2025-10-13
rs17305868,,Platelet count,2e-12,PMID:32888493,GWAS Catalog,GWAS Catalog 2025-10-13
rs174576,,Platelet count,3e-16,PMID:32888493,GWAS Catalog,GWAS Catalog 2025-10-13
rs651821,,Platelet count,3e-10,PMID:32888493,GWAS Catalog,GWAS Catalog 2025-10-13
rs10876550,,Platelet count,1e-14,PMID:32888493,GWAS Catalog,GWAS Catalog 2025-10-13
rs6492848,,Platelet count,2e-10,PMID:32888493,GWAS Catalog,GWAS Catalog 2025-10-13
rs7221322,,Platelet count,1e-21,PMID:32888493,GWAS Catalog,GWAS Catalog 2025-10-13
rs5917,,Platelet count,4e-15,PMID:32888493,GWAS Catalog,GWAS Catalog 2025-10-13
rs855791,,Platelet count,5e-49,PMID:32888493,GWAS Catalog,GWAS Catalog 2025-10-13
rs738409,,Platelet count,1e-49,PMID:32888493,GWAS Catalog,GWAS Catalog 2025-10-13
rs12041331,,Platelet count,5e-21,PMID:32888493,GWAS Catalog,GWAS Catalog 2025-10-13
rs1260326,,Platelet count,1e-22,PMID:32888493,GWAS Catalog,GWAS Catalog 2025-10-13
rs12469306,,Platelet count,6e-15,PMID:32888493,GWAS Catalog,GWAS Catalog 2025-10-13
rs1354034,,Platelet count,2e-36,PMID:32888493,GWAS Catalog,GWAS Catalog 2025-10-13
rs6141,,Platelet count,5e-59,PMID:32888493,GWAS Catalog,GWAS Catalog 2025-10-13
rs459193,,Platelet count,3e-11,PMID:32888493,GWAS Catalog,GWAS Catalog 2025-10-13
rs2961693,,Platelet count,1e-10,PMID:32888493,GWAS Catalog,GWAS Catalog 2025-10-13
rs5745582,,Platelet count,2e-53,PMID:32888493,GWAS Catalog,GWAS Catalog 2025-10-13
rs3957357,,Platelet count,1e-11,PMID:32888493,GWAS Catalog,GWAS Catalog 2025-10-13
rs75326924,,Platelet count,1e-29,PMID:32888493,GWAS Catalog,GWAS Catalog 2025-10-13
rs342296,,Platelet count,1e-13,PMID:32888493,GWAS Catalog,GWAS Catalog 2025-10-13
rs385893,,Platelet count,2e-75,PMID:32888493,GWAS Catalog,GWAS Catalog 2025-10-13
rs11812460,,Platelet count,3e-11,PMID:32888493,GWAS Catalog,GWAS Catalog 2025-10-13
rs1064213,,Insomnia,6e-10,PMID:30804565,GWAS Catalog,GWAS Catalog 2025-10-13
rs7599697,,Insomnia,5e-09,PMID:30804565,GWAS Catalog,GWAS Catalog 2025-10-13
rs35110063,,Insomnia,9e-11,PMID:30804565,GWAS Catalog,GWAS Catalog 2025-10-13
rs7625896,,Insomnia,5e-09,PMID:30804565,GWAS Catalog,GWAS Catalog 2025-10-13
rs10865954,,Insomnia,2e-11,PMID:30804565,GWAS Catalog,GWAS Catalog 2025-10-13
rs5877,,Insomnia,1e-08,PMID:30804565,GWAS Catalog,GWAS Catalog 2025-10-13
rs823247,,Insomnia,5e-10,PMID:30804565,GWAS Catalog,GWAS Catalog 2025-10-13
rs12614369,,Insomnia,7e-09,PMID:30804565,GWAS Catalog,GWAS Catalog 2025-10-13
rs984306,,Insomnia,8e-10,PMID:30804565,GWAS Catalog,GWAS Catalog 2025-10-13
rs7566062,,Insomnia,1e-16,PMID:30804565,GWAS Catalog,GWAS Catalog 2025-10-13
rs3788766,,Meconium ileus in cystic fibrosis,2e-16,PMID:30807572,GWAS Catalog,GWAS Catalog 2025-10-13
rs2710804,,Platelet count,2e-24,PMID:32888493,GWAS Catalog,GWAS Catalog 2025-10-13
rs4947490,,Platelet count,3e-15,PMID:32888493,GWAS Catalog,GWAS Catalog 2025-10-13
rs1057868,,Platelet count,2e-11,PMID:32888493,GWAS Catalog,GWAS Catalog 2025-10-13
rs342293,,Platelet count,1e-318,PMID:32888493,GWAS Catalog,GWAS Catalog 2025-10-13
rs3757385,,Platelet count,1e-15,PMID:32888493,GWAS Catalog,GWAS Catalog 2025-10-13
rs10954300,,Platelet count,5e-29,PMID:32888493,GWAS Catalog,GWAS Catalog 2025-10-13
rs140522,,Mean corpuscular hemoglobin,1e-35,PMID:32888494,GWAS Catalog,GWAS Catalog 2025-10-13
rs131777,,Mean corpuscular hemoglobin,4e-12,PMID:32888494,GWAS Catalog,GWAS Catalog 2025-10-13
rs45479691,,Mean corpuscular hemoglobin,4e-20,PMID:32888494,GWAS Catalog,GWAS Catalog 2025-10-13
rs11712192,,Mean corpuscular hemoglobin,1e-19,PMID:32888494,GWAS Catalog,GWAS Catalog 2025-10-13
rs6844176,,Mean corpuscular hemoglobin,2e-26,PMID:32888494,GWAS Catalog,GWAS Catalog 2025-10-13
rs218265,,Mean corpuscular hemoglobin,3e-56,PMID:32888494,GWAS Catalog,GWAS Catalog 2025-10-13
rs11723371,,Mean corpuscular hemoglobin,4e-25,PMID:32888494,GWAS Catalog,GWAS Catalog 2025-10-13
rs7196720,,Morningness,4e-09,PMID:30804565,GWAS Catalog,GWAS Catalog 2025-10-13
rs12927162,,Morningness,2e-32,PMID:30804565,GWAS Catalog,GWAS Catalog 2025-10-13
rs1421085,,Morningness,1e-25,PMID:30804565,GWAS Catalog,GWAS Catalog 2025-10-13
rs8044054,,Morningness,4e-12,PMID:30804565,GWAS Catalog,GWAS Catalog 2025-10-13
rs17604349,,Morningness,1e-15,PMID:30804565,GWAS Catalog,GWAS Catalog 2025-10-13
rs2910032,,Morningness,6e-18,PMID:30804565,GWAS Catalog,GWAS Catalog 2025-10-13
rs9565309,,Morningness,1e-28,PMID:30804565,GWAS Catalog,GWAS Catalog 2025-10-13
rs9521184,,Morningness,8e-10,PMID:30804565,GWAS Catalog,GWAS Catalog 2025-10-13
rs35333999,,Morningness,5e-19,PMID:30804565,GWAS Catalog,GWAS Catalog 2025-10-13
rs7617588,,Morningness,3e-11,PMID:30804565,GWAS Catalog,GWAS Catalog 2025-10-13
rs1996866,,Morningness,2e-08,PMID:30804565,GWAS Catalog,GWAS Catalog 2025-10-13
rs10175975,,Morningness,2e-10,PMID:30804565,GWAS Catalog,GWAS Catalog 2025-10-13
rs2706762,,Morningness,3e-10,PMID:30804565,GWAS Catalog,GWAS Catalog 2025-10-13
rs2699869,,Morningness,5e-09,PMID:30804565,GWAS Catalog,GWAS Catalog 2025-10-13
rs7866939,,Chronic obstructive pulmonary disease,2e-08,PMID:30804561,GWAS Catalog,GWAS Catalog 2025-10-13
rs7958945,,Chronic obstructive pulmonary disease,1e-09,PMID:30804561,GWAS Catalog,GWAS Catalog 2025-10-13
rs2571445,,Chronic obstructive pulmonary disease,3e-12,PMID:30804561,GWAS Catalog,GWAS Catalog 2025-10-13
rs1529672,,Chronic obstructive pulmonary disease,3e-11,PMID:30804561,GWAS Catalog,GWAS Catalog 2025-10-13
rs9525927,,Chronic obstructive pulmonary disease,3e-09,PMID:30804561,GWAS Catalog,GWAS Catalog 2025-10-13
rs1334576,,Chronic obstructive pulmonary disease,1e-08,PMID:30804561,GWAS Catalog,GWAS Catalog 2025-10-13
rs964184,,Mean corpuscular hemoglobin concentration,6e-46,PMID:32888494,GWAS Catalog,GWAS Catalog 2025-10-13
rs941718,,Mean corpuscular hemoglobin concentration,3e-12,PMID:32888494,GWAS Catalog,GWAS Catalog 2025-10-13
rs8176693,,Mean corpuscular hemoglobin concentration,4e-33,PMID:32888494,GWAS Catalog,GWAS Catalog 2025-10-13
rs11239550,,Mean corpuscular hemoglobin concentration,2e-11,PMID:32888494,GWAS Catalog,GWAS Catalog 2025-10-13
rs2441026,,Lung function (FVC),8e-14,PMID:30804560,GWAS Catalog,GWAS Catalog 2025-10-13
rs12737805,,Lung function (FVC),4e-13,PMID:30804560,GWAS Catalog,GWAS Catalog 2025-10-13
rs12331869,,Lung function (FVC),9e-07,PMID:30804560,GWAS Catalog,GWAS Catalog 2025-10-13
rs13430465,,Lung function (FVC),2e-17,PMID:30804560,GWAS Catalog,GWAS Catalog 2025-10-13
rs2304340,,Lung function (FVC),4e-11,PMID:30804560,GWAS Catalog,GWAS Catalog 2025-10-13
rs62454414,,Lung function (FVC),1e-09,PMID:30804560,GWAS Catalog,GWAS Catalog 2025-10-13
rs7838717,,Lung function (FVC),6e-21,PMID:30804560,GWAS Catalog,GWAS Catalog 2025-10-13
rs7041139,,Lung function (FVC),2e-09,PMID:30804560,GWAS Catalog,GWAS Catalog 2025-10-13
rs11071720,,Platelet count,2e-100,PMID:32888493,GWAS Catalog,GWAS Catalog 2025-10-13
rs8028182,,Platelet count,2e-18,PMID:32888493,GWAS Catalog,GWAS Catalog 2025-10-13
rs4966015,,Platelet count,4e-55,PMID:32888493,GWAS Catalog,GWAS Catalog 2025-10-13
rs2667648,,Platelet count,2e-14,PMID:32888493,GWAS Catalog,GWAS Catalog 2025-10-13
rs34557412,,Platelet count,3e-43,PMID:32888493,GWAS Catalog,GWAS Catalog 2025-10-13
rs9900280,,Platelet count,2e-239,PMID:32888493,GWAS Catalog,GWAS Catalog 2025-10-13
rs13116999,,Lung function (FVC),1e-10,PMID:30804560,GWAS Catalog,GWAS Catalog 2025-10-13
rs12198986,,Lung function (FVC),2e-22,PMID:30804560,GWAS Catalog,GWAS Catalog 2025-10-13
rs7424771,,Lung function (FVC),2e-07,PMID:30804560,GWAS Catalog,GWAS Catalog 2025-10-13
rs2894837,,Lung function (FVC),6e-06,PMID:30804560,GWAS Catalog,GWAS Catalog 2025-10-13
rs6431620,,Lung function (FVC),1e-10,PMID:30804560,GWAS Catalog,GWAS Catalog 2025-10-13
rs2158007,,Mean corpuscular hemoglobin,5e-21,PMID:32888493,GWAS Catalog,GWAS Catalog 2025-10-13
rs1279683,,Mean corpuscular hemoglobin,3e-19,PMID:32888493,GWAS Catalog,GWAS Catalog 2025-10-13
rs2145943,,Mean corpuscular hemoglobin,4e-18,PMID:32888493,GWAS Catalog,GWAS Catalog 2025-10-13
rs737092,,Mean corpuscular hemoglobin,5e-300,PMID:32888493,GWAS Catalog,GWAS Catalog 2025-10-13
rs2834257,,Mean corpuscular hemoglobin,7e-102,PMID:32888493,GWAS Catalog,GWAS Catalog 2025-10-13
rs1279683,,Mean corpuscular volume,3e-22,PMID:32888493,GWAS Catalog,GWAS Catalog 2025-10-13
rs6055955,,Mean corpuscular volume,2e-25,PMID:32888493,GWAS Catalog,GWAS Catalog 2025-10-13
rs2180691,,Mean corpuscular volume,2e-13,PMID:32888493,GWAS Catalog,GWAS Catalog 2025-10-13
rs3208787,,Mean corpuscular volume,7e-16,PMID:32888493,GWAS Catalog,GWAS Catalog 2025-10-13
rs73369896,,Mean corpuscular volume,3e-20,PMID:32888493,GWAS Catalog,GWAS Catalog 2025-10-13
rs35832694,,Mean corpuscular volume,3e-22,PMID:32888493,GWAS Catalog,GWAS Catalog 2025-10-13
rs2834257,,Mean corpuscular volume,8e-95,PMID:32888493,GWAS Catalog,GWAS Catalog 2025-10-13
rs2283847,,Mean corpuscular volume,6e-27,PMID:32888493,GWAS Catalog,GWAS Catalog 2025-10-13
rs5762879,,Mean corpuscular volume,2e-10,PMID:32888493,GWAS Catalog,GWAS Catalog 2025-10-13
rs1569419,,Mean corpuscular volume,1e-31,PMID:32888493,GWAS Catalog,GWAS Catalog 2025-10-13
rs198358,,Mean corpuscular volume,4e-24,PMID:32888493,GWAS Catalog,GWAS Catalog 2025-10-13
rs2492301,,Mean corpuscular volume,7e-34,PMID:32888493,GWAS Catalog,GWAS Catalog 2025-10-13
rs35199438,,High light scatter reticulocyte count,4e-12,PMID:32888494,GWAS Catalog,GWAS Catalog 2025-10-13
rs102275,,High light scatter reticulocyte count,3e-11,PMID:32888494,GWAS Catalog,GWAS Catalog 2025-10-13
rs2244625,,High light scatter reticulocyte count,6e-14,PMID:32888494,GWAS Catalog,GWAS Catalog 2025-10-13
rs11603763,,High light scatter reticulocyte count,4e-09,PMID:32888494,GWAS Catalog,GWAS Catalog 2025-10-13
rs633185,,High light scatter reticulocyte count,5e-22,PMID:32888494,GWAS Catalog,GWAS Catalog 2025-10-13
rs964184,,High light scatter reticulocyte count,7e-28,PMID:32888494,GWAS Catalog,GWAS Catalog 2025-10-13
rs718314,,High light scatter reticulocyte count,1e-12,PMID:32888494,GWAS Catalog,GWAS Catalog 2025-10-13
rs3184504,,High light scatter reticulocyte count,1e-114,PMID:32888494,GWAS Catalog,GWAS Catalog 2025-10-13
rs2267161,,White matter microstructure (radial diusivities),2e-08,PMID:31666681,GWAS Catalog,GWAS Catalog 2025-10-13
rs11746859,,White matter microstructure (radial diusivities),3e-09,PMID:31666681,GWAS Catalog,GWAS Catalog 2025-10-13
rs4558964,,White matter microstructure (radial diusivities),3e-12,PMID:31666681,GWAS Catalog,GWAS Catalog 2025-10-13
rs2541312,,White matter microstructure (radial diusivities),3e-09,PMID:31666681,GWAS Catalog,GWAS Catalog 2025-10-13
rs309596,,White matter microstructure (radial diusivities),3e-08,PMID:31666681,GWAS Catalog,GWAS Catalog 2025-10-13
rs17205951,,White matter microstructure (radial diusivities),4e-10,PMID:31666681,GWAS Catalog,GWAS Catalog 2025-10-13
rs309587,,White matter microstructure (radial diusivities),9e-22,PMID:31666681,GWAS Catalog,GWAS Catalog 2025-10-13
rs17284587,,White matter microstructure (radial diusivities),4e-21,PMID:31666681,GWAS Catalog,GWAS Catalog 2025-10-13
rs3117426,,White matter microstructure (radial diusivities),4e-10,PMID:31666681,GWAS Catalog,GWAS Catalog 2025-10-13
rs2267161,,White matter microstructure (radial diusivities),5e-10,PMID:31666681,GWAS Catalog,GWAS Catalog 2025-10-13
rs28296,,White matter microstructure (radial diusivities),5e-09,PMID:31666681,GWAS Catalog,GWAS Catalog 2025-10-13
rs4470745,,White matter microstructure (radial diusivities),2e-16,PMID:31666681,GWAS Catalog,GWAS Catalog 2025-10-13
rs309587,,White matter microstructure (radial diusivities),1e-16,PMID:31666681,GWAS Catalog,GWAS Catalog 2025-10-13
rs3129171,,White matter microstructure (radial diusivities),3e-09,PMID:31666681,GWAS Catalog,GWAS Catalog 2025-10-13
rs2267161,,White matter microstructure (radial diusivities),6e-10,PMID:31666681,GWAS Catalog,GWAS Catalog 2025-10-13
rs12501332,,White matter microstructure (radial diusivities),2e-08,PMID:31666681,GWAS Catalog,GWAS Catalog 2025-10-13
