group_id,name,gene_symbol
group_id,name,gene_symbol
group_id,name,gene_symbol
group_id,name,gene_symbol
group_id,name,gene_symbol
group_id,name,gene_symbol
group_id,name,gene_symbol
group_id,name,gene_symbol
group_id,name,gene_symbol
group_id,name,gene_symbol
group_id,name,gene_symbol
group_id,name,gene_symbol
group_id,name,gene_symbol
group_id,name,gene_symbol
group_id,name,gene_symbol
group_id,name,gene_symbol
group_id,name,gene_symbol
group_id,name,gene_symbol
group_id,name,gene_symbol
group_id,name,gene_symbol
group_id,name,gene_symbol
group_id,name,gene_symbol
group_id,name,gene_symbol
group_id,name,gene_symbol
group_id,name,gene_symbol
group_id,name,gene_symbol
group_id,name,gene_symbol
group_id,name,gene_symbol
group_id,name,gene_symbol
group_id,name,gene_symbol
group_id,name,gene_symbol
group_id,name,gene_symbol
group_id,name,gene_symbol
group_id,name,gene_symbol
group_id,name,gene_symbol
group_id,name,gene_symbol
group_id,name,gene_symbol
group_id,name,gene_symbol
group_id,name,gene_symbol
group_id,name,gene_symbol
group_id,name,gene_symbol
group_id,name,gene_symbol
group_id,name,gene_symbol
group_id,name,gene_symbol
group_id,name,gene_symbol
group_id,name,gene_symbol
group_id,name,gene_symbol
group_id,name,gene_symbol
group_id,name,gene_symbol
group_id,name,gene_symbol
group_id,name,gene_symbol
