system_tag,rsid,gene_symbol,variant_score,contributing_edges,rnk
Cardiovascular,rs1617640,EPO,0.285,1,1
Cardiovascular,rs509504,PCSK9,0.27,1,2
Cardiovascular,rs6122,PROS1,0.27,1,2
Cardiovascular,rs376003468,GATA2,0.255,1,3
Cardiovascular,rs7252610,TNNI3,0.243,1,4
Cardiovascular,rs17876032,F12,0.216,1,5
Cardiovascular,rs5174,LRP8,0.216,1,5
Cardiovascular,rs10887800,RNLS,0.21,1,6
Cardiovascular,rs553668,ADRA2A,0.21,1,6
Cardiovascular,rs1341667,STOX1,0.168,1,7
Cardiovascular,rs7291467,LGALS2,0.144,1,8
Cardiovascular,rs41315858,RYR2,0.1425,1,9
Cardiovascular,rs2070744,NOS3,0.1425,1,9
Cardiovascular,rs790889,RYR2,0.1425,1,9
Cardiovascular,rs45496496,MYH7,0.135,1,10
Cardiovascular,rs1137617,KCNH2,0.135,1,10
Cardiovascular,rs1801253,ADRB1,0.135,1,10
Cardiovascular,rs121912706,ANK2,0.1215,1,11
Cardiovascular,rs3729841,TNNI3,0.1215,1,11
Cardiovascular,rs4524,F5,0.1215,1,11
Cardiovascular,rs6030,F5,0.1215,1,11
Cardiovascular,rs5982,F13A1,0.108,1,12
Cardiovascular,rs203462,AKAP10,0.105,1,13
Cardiovascular,rs8010699,SYNE2,0.096,1,14
Cardiovascular,rs11549465,HIF1A,0.0945,1,15
Cardiovascular,rs1333049,CDKN2B-AS1,0.0945,1,15
Cardiovascular,rs1333042,CDKN2B-AS1,0.0945,1,15
Cardiovascular,rs10757274,CDKN2B-AS1,0.0945,1,15
Cardiovascular,rs4977574,CDKN2B-AS1,0.0945,1,15
Cardiovascular,rs267606893,MT-ND5,0.081,1,16
Cardiovascular,rs55834942,HNF1A,0.081,1,16
Cardiovascular,rs56348580,HNF1A,0.081,1,16
Cardiovascular,rs786202200,SDHC,0.081,1,16
Cardiovascular,rs8041826,ARNT2,0.0735,1,17
Cardiovascular,rs3901896,ARNT2,0.0735,1,17
Cardiovascular,rs864309499,ACO2,0.063,1,18
Cardiovascular,rs12740374,CELSR2,0.06,1,19
Cardiovascular,rs4748011,CCDC3,0.06,1,19
Cardiovascular,rs10090787,SNTB1,0.048,1,20
Cardiovascular,rs4880,SOD2,0.0405,1,21
Cardiovascular,rs1680778,ACAD9,0.0315,1,22
Detox/Liver,rs283413,ADH1C,0.27,1,1
Detox/Liver,rs771603301,ATP7B,0.27,1,1
Detox/Liver,rs1229984,ADH1B,0.27,1,1
Detox/Liver,rs72558469,OTC,0.24225,1,2
Detox/Liver,rs1913263,MGST1,0.24,1,3
Detox/Liver,rs786204537,ASS1,0.2295,1,4
Detox/Liver,rs4148353,ABCC1,0.135,1,5
Detox/Liver,rs1934953,CYP2C8,0.135,1,5
Detox/Liver,rs4646450,CYP3A5,0.1215,1,6
Detox/Liver,rs4880,SOD2,0.0675,1,7
Endocrine,rs2435357,RET,0.24,1,1
Endocrine,rs7918487,PTF1A,0.21,1,2
Endocrine,rs786201501,BMPR1A,0.192,1,3
Endocrine,rs4402960,IGF2BP2,0.162,1,4
Endocrine,rs10993994,MSMB,0.15,1,5
Endocrine,rs13266634,SLC30A8,0.1425,1,6
Endocrine,rs12700428,IGF2BP3,0.135,1,7
Endocrine,rs712701,PAX4,0.135,1,7
Endocrine,rs757110,ABCC8,0.1215,1,8
Endocrine,rs180195,TG,0.12,1,9
Endocrine,rs1044498,ENPP1,0.108,1,10
Endocrine,rs1884302,BMP2,0.096,1,11
Endocrine,rs1801214,WFS1,0.0945,1,12
Endocrine,rs1801206,WFS1,0.0945,1,12
Endocrine,rs759330,BGLAP,0.084,1,13
Endocrine,rs2272620,RAB2A,0.081,1,14
Endocrine,rs4512367,PREX2,0.0675,1,15
Immune,rs1143627,IL1B,0.27,1,1
Immune,rs1143634,IL1B,0.27,1,1
Immune,rs2276631,SLC11A1,0.27,1,1
Immune,rs1800896,IL10,0.27,1,1
Immune,rs16944,IL1B,0.27,1,1
Immune,rs1800795,IL6,0.27,1,1
Immune,rs7574865,STAT4,0.24,1,2
Immune,rs4889991,CARD14,0.24,1,2
Immune,rs1005753,PADI2,0.24,1,2
Immune,rs12460842,P2RY11,0.21,1,3
Immune,rs3766379,CD244,0.21,1,3
Immune,rs2305795,P2RY11,0.21,1,3
Immune,rs5743810,TLR6,0.21,1,3
Immune,rs4795895,CCL11,0.18,1,4
Immune,rs397515572,SP110,0.18,1,4
Immune,rs2515401,IL36RN,0.18,1,4
Immune,rs497116,CASP12,0.18,1,4
Immune,rs4950928,CHI3L1,0.168,1,5
Immune,rs1341667,STOX1,0.147,1,6
Immune,rs28933375,PRF1,0.1425,1,7
Immune,rs2274700,CFH,0.1425,1,7
Immune,rs1061170,CFH,0.1425,1,7
Immune,rs1410996,CFH,0.1425,1,7
Immune,rs2240340,PADI4,0.135,1,8
Immune,rs1748033,PADI4,0.135,1,8
Immune,rs11203367,PADI4,0.135,1,8
Immune,rs11203366,PADI4,0.135,1,8
Immune,rs414171,CISH,0.135,1,8
Immune,rs7291467,LGALS2,0.126,1,9
Immune,rs9264942,HLA-C,0.1215,1,10
Immune,rs1041981,LTA,0.12,1,11
Immune,rs12203592,IRF4,0.12,1,11
Immune,rs2057094,PADI2,0.12,1,11
Immune,rs2070197,IRF5,0.12,1,11
Immune,rs10954213,IRF5,0.12,1,11
Immune,rs20541,IL13,0.12,1,11
Immune,rs909253,LTA,0.12,1,11
Immune,rs5744168,TLR5,0.105,1,12
Immune,rs12821256,KITLG,0.0945,1,13
Immune,rs642742,KITLG,0.0945,1,13
Immune,rs2071592,NFKBIL1,0.09,1,14
Immune,rs139854607,MARVELD2,0.0675,1,15
Immune,rs4939827,SMAD7,0.0675,1,15
Immune,rs4748011,CCDC3,0.0525,1,16
Metabolic,rs6449213,SLC2A9,0.27,1,1
Metabolic,rs483352911,SLC25A1,0.27,1,1
Metabolic,rs72558469,OTC,0.2565,1,2
Metabolic,rs786204537,ASS1,0.243,1,3
Metabolic,rs587777123,AASS,0.243,1,3
Metabolic,rs864309499,ACO2,0.243,1,3
Metabolic,rs9697983,GLUD2,0.216,1,4
Metabolic,rs11692304,SLC9A4,0.216,1,4
Metabolic,rs267606645,AK2,0.21,1,5
Metabolic,rs267606893,MT-ND5,0.162,1,6
Metabolic,rs786202200,SDHC,0.162,1,6
Metabolic,rs1551570,PPAN,0.147,1,7
Metabolic,rs4402960,IGF2BP2,0.144,1,8
Metabolic,rs55834942,HNF1A,0.135,1,9
Metabolic,rs56348580,HNF1A,0.135,1,9
Metabolic,rs6535454,COQ2,0.1215,1,10
Metabolic,rs1680778,ACAD9,0.1215,1,10
Metabolic,rs12700428,IGF2BP3,0.12,1,11
Metabolic,rs121908538,SUCLA2,0.108,1,12
Metabolic,rs1044498,ENPP1,0.096,1,13
Metabolic,rs4512367,PREX2,0.06,1,14
Metabolic,rs3827075,SLC4A11,0.06,1,14
Metabolic,rs200586605,AARS1,0.048,1,15
Metabolic,rs11549465,HIF1A,0.0405,1,16
Metabolic,rs3901896,ARNT2,0.0315,1,17
Metabolic,rs8041826,ARNT2,0.0315,1,17
Neuro,rs2435357,RET,0.27,1,1
Neuro,rs1044396,CHRNA4,0.27,1,1
Neuro,rs279871,GABRA2,0.27,1,1
Neuro,rs279845,GABRA2,0.27,1,1
Neuro,rs279836,GABRA2,0.27,1,1
Neuro,rs587781235,UBE3A,0.24,1,2
Neuro,rs78223661,CNTNAP2,0.21675,1,3
Neuro,rs606231196,PQBP1,0.18,1,4
Neuro,rs267606893,MT-ND5,0.162,1,5
Neuro,rs786202200,SDHC,0.162,1,5
Neuro,rs1801466,ABCA4,0.135,1,6
Neuro,rs45547231,RAPSN,0.135,1,6
Neuro,rs56342240,RELN,0.135,1,6
Neuro,rs864309499,ACO2,0.126,1,7
Neuro,rs398607,GALC,0.1215,1,8
Neuro,rs77025884,CNTNAP2,0.108375,1,9
Neuro,rs137854557,NF1,0.108,1,10
Neuro,rs786203950,NF1,0.108,1,10
Neuro,rs587777123,AASS,0.108,1,10
Neuro,rs2919408,KCNB2,0.105,1,11
Neuro,rs9697983,GLUD2,0.096,1,12
Neuro,rs509504,PCSK9,0.0765,1,13
Neuro,rs155370,TMEM132D,0.075,1,14
Neuro,rs200586605,AARS1,0.072,1,15
Neuro,rs6535454,COQ2,0.0675,1,16
Neuro,rs1680778,ACAD9,0.063,1,17
Neuro,rs4880,SOD2,0.054,1,18
Neuro,rs1801214,WFS1,0.048,1,19
Neuro,rs1801206,WFS1,0.048,1,19
Neuro,rs11549465,HIF1A,0.0405,1,20
Neuro,rs34181110,MTHFD1,0.036,1,21
Neuro,rs8041826,ARNT2,0.0315,1,22
Neuro,rs3901896,ARNT2,0.0315,1,22
Nutrient Metabolism,rs587777123,AASS,0.27,1,1
Nutrient Metabolism,rs182549,MCM6,0.135,1,2
Nutrient Metabolism,rs4988235,MCM6,0.135,1,2
Nutrient Metabolism,rs13078881,BTD,0.1215,1,3
Nutrient Metabolism,rs144147038,LRP2,0.1215,1,3
Nutrient Metabolism,rs34181110,MTHFD1,0.108,1,4
Other,rs6471482,CNGB3,0.285,1,1
Other,rs199476393,TERC,0.285,1,1
Other,rs587777807,TTC8,0.27,1,2
Other,rs587779497,COL3A1,0.27,1,2
Other,rs3127334,TBXT,0.27,1,2
Other,rs63750955,MSH6,0.27,1,2
Other,rs786203950,NF1,0.27,1,2
Other,rs459552,APC,0.27,1,2
Other,rs121908671,LRP5,0.27,1,2
Other,rs121913357,BRAF,0.27,1,2
Other,rs375380414,APC,0.27,1,2
Other,rs137854557,NF1,0.27,1,2
Other,rs12896399,SLC24A4,0.27,1,2
Other,rs1407995,DCT,0.255,1,3
Other,rs10172023,NEB,0.243,1,4
Other,rs12121707,SELENON,0.24,1,5
Other,rs786201501,BMPR1A,0.24,1,5
Other,rs4672457,FAM161A,0.24,1,5
Other,rs8010699,SYNE2,0.216,1,6
Other,rs916977,HERC2,0.216,1,6
Other,rs1667394,HERC2,0.216,1,6
Other,rs2165241,LOXL1,0.21,1,7
Other,rs1903003,FAM13A,0.189,1,8
Other,rs2609255,FAM13A,0.189,1,8
Other,rs1126809,TYR,0.1425,1,9
Other,rs144848,BRCA2,0.135,1,10
Other,rs61752937,TYRP1,0.135,1,10
Other,rs16941,BRCA1,0.135,1,10
Other,rs799917,BRCA1,0.135,1,10
Other,rs357564,PTCH1,0.135,1,10
Other,rs11652075,SGSH,0.135,1,10
Other,rs398607,GALC,0.135,1,10
Other,rs4950928,CHI3L1,0.126,1,11
Other,rs3796619,RNF212,0.1215,1,12
Other,rs139854607,MARVELD2,0.1215,1,12
Other,rs1670533,RNF212,0.1215,1,12
Other,rs2073711,CILP,0.12,1,13
Other,rs1884302,BMP2,0.12,1,13
Other,rs36044314,LAMA2,0.12,1,13
Other,rs2282983,CDK6,0.12,1,13
Other,rs11581921,P3H1,0.12,1,13
Other,rs3741240,SCGB1A1,0.12,1,13
Other,rs148818431,SDCCAG8,0.12,1,13
Other,rs1063192,CDKN2B,0.12,1,13
Other,rs200586605,AARS1,0.12,1,13
Other,rs4939827,SMAD7,0.108,1,14
Other,rs10090787,SNTB1,0.108,1,14
Other,rs12913832,HERC2,0.108,1,14
Other,rs13147758,HHIP,0.108,1,14
Other,rs1828591,HHIP,0.108,1,14
Other,rs2070426,PCNT,0.105,1,15
Other,rs10274334,PKD1L1,0.105,1,15
Other,rs642742,KITLG,0.105,1,15
Other,rs12821256,KITLG,0.105,1,15
Other,rs759330,BGLAP,0.105,1,15
Other,rs2227956,HSPA1L,0.105,1,15
Other,rs3827075,SLC4A11,0.096,1,16
Other,rs192861143,DCAF17,0.0945,1,17
Other,rs35264875,TPCN2,0.0945,1,17
Other,rs3829241,TPCN2,0.0945,1,17
Other,rs140806590,LMBR1,0.09,1,18
Other,rs1551570,PPAN,0.063,1,19
Other,rs11549465,HIF1A,0.0405,1,20
Other,rs8041826,ARNT2,0.0315,1,21
Other,rs3901896,ARNT2,0.0315,1,21
