system_tag,rsid,gene_symbol,effect_kind,direction,genotype_class,zygosity_scaled_effect,review_stars,clnsig_raw,gnomad_af_global,n_evidence,cv_weight,af_weight,final_score_balanced,final_score_afheavy,final_score_evidenceheavy,example_citation_id,example_title,example_year,example_url,rnk
Cardiovascular,rs1801394,MTRR,enzyme_activity,decrease,hom_alt,0.3,0,benign/likely_benign,,1,0.3,0.6,0.13499999999999998,0.153,0.12285,13,MTRR A66G functional summary (placeholder),2003,https://pubmed.ncbi.nlm.nih.gov/2222/,1
Cardiovascular,rs4880,SOD2,protein_traffic,unknown,het_alt,0.15,0,"conflicting_classifications_of_pathogenicity, risk_factor",,1,0.3,0.6,0.06749999999999999,0.0765,0.061425,12,SOD2 Val16Ala functional summary (placeholder),2002,https://pubmed.ncbi.nlm.nih.gov/1111/,2
Cardiovascular,rs4880,SOD2,protein_traffic,unknown,het_alt,0.15,0,"conflicting_classifications_of_pathogenicity, risk_factor",,1,0.3,0.6,0.06749999999999999,0.0765,0.061425,12,SOD2 Val16Ala functional summary (placeholder),2002,https://pubmed.ncbi.nlm.nih.gov/1111/,2
Cardiovascular,rs4880,SOD2,protein_traffic,unknown,het_alt,0.15,0,"conflicting_classifications_of_pathogenicity, risk_factor",,0,0.3,0.6,0.06749999999999999,0.0765,0.058499999999999996,12,SOD2 Val16Ala functional summary (placeholder),2002,https://pubmed.ncbi.nlm.nih.gov/1111/,2
Cardiovascular,rs4880,SOD2,protein_traffic,unknown,het_alt,0.15,0,"conflicting_classifications_of_pathogenicity, risk_factor",,0,0.3,0.6,0.06749999999999999,0.0765,0.058499999999999996,12,SOD2 Val16Ala functional summary (placeholder),2002,https://pubmed.ncbi.nlm.nih.gov/1111/,2
Detox/Liver,rs4880,SOD2,protein_traffic,unknown,het_alt,0.15,0,"conflicting_classifications_of_pathogenicity, risk_factor",,0,0.3,0.6,0.06749999999999999,0.0765,0.058499999999999996,12,SOD2 Val16Ala functional summary (placeholder),2002,https://pubmed.ncbi.nlm.nih.gov/1111/,1
Detox/Liver,rs4880,SOD2,protein_traffic,unknown,het_alt,0.15,0,"conflicting_classifications_of_pathogenicity, risk_factor",,1,0.3,0.6,0.06749999999999999,0.0765,0.061425,12,SOD2 Val16Ala functional summary (placeholder),2002,https://pubmed.ncbi.nlm.nih.gov/1111/,1
Metabolic,rs4880,SOD2,protein_traffic,unknown,het_alt,0.15,0,"conflicting_classifications_of_pathogenicity, risk_factor",,0,0.3,0.6,0.06749999999999999,0.0765,0.058499999999999996,12,SOD2 Val16Ala functional summary (placeholder),2002,https://pubmed.ncbi.nlm.nih.gov/1111/,1
Metabolic,rs4880,SOD2,protein_traffic,unknown,het_alt,0.15,0,"conflicting_classifications_of_pathogenicity, risk_factor",,1,0.3,0.6,0.06749999999999999,0.0765,0.061425,12,SOD2 Val16Ala functional summary (placeholder),2002,https://pubmed.ncbi.nlm.nih.gov/1111/,1
Neuro,rs1801394,MTRR,enzyme_activity,decrease,hom_alt,0.3,0,benign/likely_benign,,1,0.3,0.6,0.13499999999999998,0.153,0.12285,13,MTRR A66G functional summary (placeholder),2003,https://pubmed.ncbi.nlm.nih.gov/2222/,1
Neuro,rs1801394,MTRR,enzyme_activity,decrease,hom_alt,0.3,0,benign/likely_benign,,1,0.3,0.6,0.13499999999999998,0.153,0.12285,13,MTRR A66G functional summary (placeholder),2003,https://pubmed.ncbi.nlm.nih.gov/2222/,1
Neuro,rs1801133,MTHFR,enzyme_activity,decrease,het_alt,0.3,0,drug_response,,2,0.3,0.6,0.13499999999999998,0.153,0.1287,6,MTHFR C677T functional summary (placeholder),2010,https://pubmed.ncbi.nlm.nih.gov/00000000/,1
Neuro,rs4880,SOD2,protein_traffic,unknown,het_alt,0.15,0,"conflicting_classifications_of_pathogenicity, risk_factor",,1,0.3,0.6,0.06749999999999999,0.0765,0.061425,12,SOD2 Val16Ala functional summary (placeholder),2002,https://pubmed.ncbi.nlm.nih.gov/1111/,2
Neuro,rs4880,SOD2,protein_traffic,unknown,het_alt,0.15,0,"conflicting_classifications_of_pathogenicity, risk_factor",,1,0.3,0.6,0.06749999999999999,0.0765,0.061425,12,SOD2 Val16Ala functional summary (placeholder),2002,https://pubmed.ncbi.nlm.nih.gov/1111/,2
Neuro,rs4880,SOD2,protein_traffic,unknown,het_alt,0.15,0,"conflicting_classifications_of_pathogenicity, risk_factor",,0,0.3,0.6,0.06749999999999999,0.0765,0.058499999999999996,12,SOD2 Val16Ala functional summary (placeholder),2002,https://pubmed.ncbi.nlm.nih.gov/1111/,2
Neuro,rs4880,SOD2,protein_traffic,unknown,het_alt,0.15,0,"conflicting_classifications_of_pathogenicity, risk_factor",,0,0.3,0.6,0.06749999999999999,0.0765,0.058499999999999996,12,SOD2 Val16Ala functional summary (placeholder),2002,https://pubmed.ncbi.nlm.nih.gov/1111/,2
Nutrient Metabolism,rs1801394,MTRR,enzyme_activity,decrease,hom_alt,0.3,0,benign/likely_benign,,1,0.3,0.6,0.13499999999999998,0.153,0.12285,13,MTRR A66G functional summary (placeholder),2003,https://pubmed.ncbi.nlm.nih.gov/2222/,1
Nutrient Metabolism,rs1801394,MTRR,enzyme_activity,decrease,hom_alt,0.3,0,benign/likely_benign,,1,0.3,0.6,0.13499999999999998,0.153,0.12285,13,MTRR A66G functional summary (placeholder),2003,https://pubmed.ncbi.nlm.nih.gov/2222/,1
Nutrient Metabolism,rs1801394,MTRR,enzyme_activity,decrease,hom_alt,0.3,0,benign/likely_benign,,1,0.3,0.6,0.13499999999999998,0.153,0.12285,13,MTRR A66G functional summary (placeholder),2003,https://pubmed.ncbi.nlm.nih.gov/2222/,1
Nutrient Metabolism,rs1801133,MTHFR,enzyme_activity,decrease,het_alt,0.3,0,drug_response,,2,0.3,0.6,0.13499999999999998,0.153,0.1287,6,MTHFR C677T functional summary (placeholder),2010,https://pubmed.ncbi.nlm.nih.gov/00000000/,1
