system_tag,rsid,gene_symbol,effect_kind,direction,genotype_class,zygosity_scaled_effect,cv_weight,gnomad_af_global,af_soft_weight,final_score_evidenceheavy,final_score_balanced,final_score_afheavy,n_evidence,rnk
Cardiovascular,rs4880,SOD2,protein_traffic,unknown,het_alt,0.15,0.3,0.46916401386260986,0.1,0.045,0.0045,0.015,0,1
Cardiovascular,rs4880,SOD2,protein_traffic,unknown,het_alt,0.15,0.3,0.46916401386260986,0.1,0.045,0.0045,0.015,1,1
Detox/Liver,rs4880,SOD2,protein_traffic,unknown,het_alt,0.15,0.3,0.46916401386260986,0.1,0.045,0.0045,0.015,1,1
Detox/Liver,rs4880,SOD2,protein_traffic,unknown,het_alt,0.15,0.3,0.46916401386260986,0.1,0.045,0.0045,0.015,0,1
Neuro,rs1801133,MTHFR,enzyme_activity,decrease,het_alt,0.3,0.3,0.25728100538253784,0.1,0.09,0.009,0.03,2,1
Neuro,rs1801394,MTRR,enzyme_activity,decrease,hom_alt,0.3,0.3,0.4621959924697876,0.1,0.09,0.009,0.03,1,1
Neuro,rs4880,SOD2,protein_traffic,unknown,het_alt,0.15,0.3,0.46916401386260986,0.1,0.045,0.0045,0.015,0,2
Neuro,rs4880,SOD2,protein_traffic,unknown,het_alt,0.15,0.3,0.46916401386260986,0.1,0.045,0.0045,0.015,1,2
Nutrient Metabolism,rs1801394,MTRR,enzyme_activity,decrease,hom_alt,0.3,0.3,0.4621959924697876,0.1,0.09,0.009,0.03,1,1
Nutrient Metabolism,rs1801133,MTHFR,enzyme_activity,decrease,het_alt,0.3,0.3,0.25728100538253784,0.1,0.09,0.009,0.03,2,1
