rsid,gene_symbol,system_tag,chromosome,position,genotype_class,gnomad_af_global,variant_score,variant_signed_sum,contributing_edges
rs6471482,CNGB3,Other,8,87679303,hom_alt,,0.285,0.285,1
rs199476393,TERC,Other,3,169482741,hom_alt,,0.285,0.285,1
rs1617640,EPO,Cardiovascular,7,100317298,hom_alt,,0.285,0.285,1
rs771603301,ATP7B,Detox/Liver,13,52509760,hom_alt,,0.27,0.729,3
rs459552,APC,Other,5,112176756,hom_alt,,0.27,0.432,2
rs1143627,IL1B,Immune,2,113594387,hom_alt,,0.27,0.7695,3
rs1143634,IL1B,Immune,2,113590390,hom_alt,,0.27,0.7695,3
rs121908671,LRP5,Other,11,68125269,hom_alt,,0.27,0.51,2
rs121913357,BRAF,Other,7,140481403,hom_alt,,0.27,0.405,2
rs63750955,MSH6,Other,2,48025773,hom_alt,,0.27,0.54,2
rs1229984,ADH1B,Detox/Liver,4,100239319,hom_alt,,0.27,0.702,3
rs1044396,CHRNA4,Neuro,20,61981134,hom_alt,,0.27,0.27,1
rs587779497,COL3A1,Other,2,189854177,hom_alt,,0.27,0.27,1
rs587777807,TTC8,Other,14,89336544,hom_alt,,0.27,0.27,1
rs12896399,SLC24A4,Other,14,92773663,hom_alt,,0.27,0.27,1
rs587777123,AASS,Nutrient Metabolism,7,121755194,hom_alt,,0.27,0.27,1
rs137854557,NF1,Other,17,29541542,hom_alt,,0.27,0.27,1
rs16944,IL1B,Immune,2,113594867,hom_alt,,0.27,0.7695,3
rs1800795,IL6,Immune,7,22766645,hom_alt,,0.27,0.54,2
rs1800896,IL10,Immune,1,206946897,hom_alt,,0.27,0.51,2
rs6122,PROS1,Cardiovascular,3,93646095,hom_alt,,0.27,0.513,2
rs509504,PCSK9,Cardiovascular,1,55523033,hom_alt,,0.27,0.174,3
rs6449213,SLC2A9,Metabolic,4,9994215,hom_alt,,0.27,0.27,1
rs786203950,NF1,Other,17,29527461,hom_alt,,0.27,0.27,1
rs2276631,SLC11A1,Immune,2,219249013,hom_alt,,0.27,0.27,1
rs2435357,RET,Neuro,10,43582056,hom_alt,,0.27,0.27,1
rs279836,GABRA2,Neuro,4,46339070,hom_alt,,0.27,0.7425,3
rs279845,GABRA2,Neuro,4,46329723,hom_alt,,0.27,0.7425,3
rs279871,GABRA2,Neuro,4,46305733,hom_alt,,0.27,0.7425,3
rs283413,ADH1C,Detox/Liver,4,100268190,hom_alt,,0.27,0.702,3
rs3127334,TBXT,Other,6,166574246,hom_alt,,0.27,0.27,1
rs375380414,APC,Other,5,112175715,hom_alt,,0.27,0.432,2
rs483352911,SLC25A1,Metabolic,22,19164633,hom_alt,,0.27,0.459,2
rs72558469,OTC,Metabolic,23,38271187,hom_alt,,0.2565,0.2565,1
rs376003468,GATA2,Cardiovascular,3,128200692,hom_alt,,0.255,0.255,1
rs1407995,DCT,Other,13,95096013,hom_alt,,0.255,0.255,1
rs587777123,AASS,Metabolic,7,121755194,hom_alt,,0.243,0.243,1
rs786204537,ASS1,Metabolic,9,133370313,hom_alt,,0.243,0.243,1
rs10172023,NEB,Other,2,152476028,hom_alt,,0.243,0.243,1
rs7252610,TNNI3,Cardiovascular,19,55665584,hom_alt,,0.243,1.20525,5
rs864309499,ACO2,Metabolic,22,41922323,hom_alt,,0.243,0.369,2
rs72558469,OTC,Detox/Liver,23,38271187,hom_alt,,0.24225,0.24225,1
rs587781235,UBE3A,Neuro,15,25601987,hom_alt,,0.24,0.24,1
rs1005753,PADI2,Immune,1,17444769,hom_alt,,0.24,0.402,2
rs786201501,BMPR1A,Other,10,88649967,hom_alt,,0.24,0.24,1
rs4889991,CARD14,Immune,17,78158063,hom_alt,,0.24,0.375,2
rs7574865,STAT4,Immune,2,191964633,hom_alt,,0.24,0.48,2
rs2435357,RET,Endocrine,10,43582056,hom_alt,,0.24,0.24,1
rs4672457,FAM161A,Other,2,62066927,hom_alt,,0.24,0.24,1
rs12121707,SELENON,Other,1,26126680,hom_alt,,0.24,0.24,1
rs1913263,MGST1,Detox/Liver,12,16505296,hom_alt,,0.24,0.48,2
rs786204537,ASS1,Detox/Liver,9,133370313,hom_alt,,0.2295,0.2295,1
rs78223661,CNTNAP2,Neuro,7,146805228,hom_alt,,0.21675,0.37875,2
rs17876032,F12,Cardiovascular,5,176830627,hom_alt,,0.216,0.216,1
rs5174,LRP8,Cardiovascular,1,53712727,hom_alt,,0.216,0.396,2
rs11692304,SLC9A4,Metabolic,2,103095404,hom_alt,,0.216,0.216,1
rs8010699,SYNE2,Other,14,64522843,hom_alt,,0.216,0.216,1
rs916977,HERC2,Other,15,28513364,hom_alt,,0.216,0.396,2
rs1667394,HERC2,Other,15,28530182,hom_alt,,0.216,0.396,2
rs9697983,GLUD2,Metabolic,23,120183030,hom_alt,,0.216,0.216,1
rs553668,ADRA2A,Cardiovascular,10,112839579,hom_alt,,0.21,0.4965,3
rs2305795,P2RY11,Immune,19,10226052,hom_alt,,0.21,0.372,2
rs2165241,LOXL1,Other,15,74222202,hom_alt,,0.21,0.21,1
rs7918487,PTF1A,Endocrine,10,23482635,hom_alt,,0.21,0.21,1
rs10887800,RNLS,Cardiovascular,10,90075843,hom_alt,,0.21,0.21,1
rs267606645,AK2,Metabolic,1,33478946,hom_alt,,0.21,0.402,2
rs12460842,P2RY11,Immune,19,10222195,hom_alt,,0.21,0.372,2
rs3766379,CD244,Immune,1,160807715,hom_alt,,0.21,0.21,1
rs5743810,TLR6,Immune,4,38830350,hom_alt,,0.21,0.21,1
rs786201501,BMPR1A,Endocrine,10,88649967,hom_alt,,0.192,0.192,1
rs2609255,FAM13A,Other,4,89811195,hom_alt,,0.189,0.369,2
rs1903003,FAM13A,Other,4,89886297,hom_alt,,0.189,0.369,2
rs497116,CASP12,Immune,11,104763117,hom_alt,,0.18,0.288,2
rs2515401,IL36RN,Immune,2,113820476,hom_alt,,0.18,0.18,1
rs4795895,CCL11,Immune,17,32611446,hom_alt,,0.18,0.18,1
rs397515572,SP110,Immune,2,231081564,hom_alt,,0.18,0.18,1
rs606231196,PQBP1,Neuro,23,48760070,hom_alt,,0.18,0.18,1
rs1341667,STOX1,Cardiovascular,10,70641860,hom_alt,,0.168,0.168,1
rs4950928,CHI3L1,Immune,1,203155882,hom_alt,,0.168,0.168,1
rs267606893,MT-ND5,Metabolic,26,12706,hom_alt,,0.162,0.162,1
rs786202200,SDHC,Metabolic,1,161298185,hom_alt,,0.162,0.162,1
rs267606893,MT-ND5,Neuro,26,12706,hom_alt,,0.162,0.162,1
rs4402960,IGF2BP2,Endocrine,3,185511687,hom_alt,,0.162,0.162,1
rs786202200,SDHC,Neuro,1,161298185,hom_alt,,0.162,0.162,1
rs10993994,MSMB,Endocrine,10,51549496,hom_alt,,0.15,0.15,1
rs1341667,STOX1,Immune,10,70641860,hom_alt,,0.147,0.147,1
rs1551570,PPAN,Metabolic,19,10218030,hom_alt,,0.147,0.147,1
rs4402960,IGF2BP2,Metabolic,3,185511687,hom_alt,,0.144,0.144,1
rs7291467,LGALS2,Cardiovascular,22,37972628,hom_alt,,0.144,0.144,1
rs28933375,PRF1,Immune,10,72358722,het_alt,,0.1425,0.2775,2
rs790889,RYR2,Cardiovascular,1,237946964,het_alt,,0.1425,0.541125,4
rs13266634,SLC30A8,Endocrine,8,118184783,het_alt,,0.1425,0.264,2
rs2070744,NOS3,Cardiovascular,7,150690079,het_alt,,0.1425,0.2775,2
rs1410996,CFH,Immune,1,196696933,het_alt,,0.1425,0.39225,3
rs1061170,CFH,Immune,1,196659237,het_alt,,0.1425,0.39225,3
rs41315858,RYR2,Cardiovascular,1,237778082,het_alt,,0.1425,0.541125,4
rs2274700,CFH,Immune,1,196682947,het_alt,,0.1425,0.39225,3
rs1126809,TYR,Other,11,89017961,het_alt,,0.1425,0.1425,1
rs357564,PTCH1,Other,9,98209594,het_alt,,0.135,0.135,1
rs12700428,IGF2BP3,Endocrine,7,23436427,hom_alt,,0.135,0.135,1
rs398607,GALC,Other,14,88407888,het_alt,,0.135,0.1755,2
rs56348580,HNF1A,Metabolic,12,121432117,het_alt,,0.135,0.231,2
rs712701,PAX4,Endocrine,7,127251188,het_alt,,0.135,0.255,2
rs56342240,RELN,Neuro,7,103234828,het_alt,,0.135,0.135,1
rs144848,BRCA2,Other,13,32906729,het_alt,,0.135,0.378,3
rs61752937,TYRP1,Other,9,12694274,het_alt,,0.135,0.135,1
rs55834942,HNF1A,Metabolic,12,121437114,het_alt,,0.135,0.231,2
rs799917,BRCA1,Other,17,41244936,het_alt,,0.135,0.378,3
rs16941,BRCA1,Other,17,41244435,het_alt,,0.135,0.378,3
rs1748033,PADI4,Immune,1,17662662,het_alt,,0.135,0.216,2
rs1801253,ADRB1,Cardiovascular,10,115805056,het_alt,,0.135,0.318,3
rs1801466,ABCA4,Neuro,1,94476467,het_alt,,0.135,0.3105,3
rs11203367,PADI4,Immune,1,17657616,het_alt,,0.135,0.216,2
rs182549,MCM6,Nutrient Metabolism,2,136616754,het_alt,,0.135,0.3405,3
rs1934953,CYP2C8,Detox/Liver,10,96797470,het_alt,,0.135,0.135,1
rs4988235,MCM6,Nutrient Metabolism,2,136608646,het_alt,,0.135,0.3405,3
rs2240340,PADI4,Immune,1,17662639,het_alt,,0.135,0.216,2
rs11203366,PADI4,Immune,1,17657534,het_alt,,0.135,0.216,2
rs414171,CISH,Immune,3,50649499,het_alt,,0.135,0.135,1
rs4148353,ABCC1,Detox/Liver,16,16171148,het_alt,,0.135,0.327,3
rs45496496,MYH7,Cardiovascular,14,23893148,het_alt,,0.135,0.135,1
rs45547231,RAPSN,Neuro,11,47469717,het_alt,,0.135,0.135,1
rs1137617,KCNH2,Cardiovascular,7,150648198,het_alt,,0.135,0.135,1
rs11652075,SGSH,Other,17,78178893,het_alt,,0.135,0.135,1
rs864309499,ACO2,Neuro,22,41922323,hom_alt,,0.126,0.126,1
rs7291467,LGALS2,Immune,22,37972628,hom_alt,,0.126,0.126,1
rs4950928,CHI3L1,Other,1,203155882,hom_alt,,0.126,0.126,1
rs121912706,ANK2,Cardiovascular,4,114294462,het_alt,,0.1215,0.3555,3
rs1680778,ACAD9,Metabolic,3,128614185,het_alt,,0.1215,0.1845,2
rs6030,F5,Cardiovascular,1,169498975,het_alt,,0.1215,0.1215,1
rs1670533,RNF212,Other,4,1078187,het_alt,,0.1215,0.2115,2
rs9264942,HLA-C,Immune,6,31274380,het_alt,,0.1215,0.1215,1
rs4646450,CYP3A5,Detox/Liver,7,99266318,het_alt,,0.1215,0.1215,1
rs6535454,COQ2,Metabolic,4,84191031,het_alt,,0.1215,0.1215,1
rs757110,ABCC8,Endocrine,11,17418477,het_alt,,0.1215,0.243,2
rs144147038,LRP2,Nutrient Metabolism,2,170145661,het_alt,,0.1215,0.3195,3
rs139854607,MARVELD2,Other,5,68715712,het_alt,,0.1215,0.1215,1
rs4524,F5,Cardiovascular,1,169511755,het_alt,,0.1215,0.1215,1
rs13078881,BTD,Nutrient Metabolism,3,15686693,het_alt,,0.1215,0.2415,2
rs398607,GALC,Neuro,14,88407888,het_alt,,0.1215,0.1215,1
rs3729841,TNNI3,Cardiovascular,19,55665410,het_alt,,0.1215,0.602625,5
rs3796619,RNF212,Other,4,1095281,het_alt,,0.1215,0.2115,2
rs11581921,P3H1,Other,1,43215930,het_alt,,0.12,0.12,1
rs1041981,LTA,Immune,6,31540784,het_alt,,0.12,0.3015,3
rs1063192,CDKN2B,Other,9,22003367,het_alt,,0.12,0.12,1
rs10954213,IRF5,Immune,7,128589427,het_alt,,0.12,0.3285,3
rs12203592,IRF4,Immune,6,396321,het_alt,,0.12,0.24,2
rs12700428,IGF2BP3,Metabolic,7,23436427,hom_alt,,0.12,0.12,1
rs909253,LTA,Immune,6,31540313,het_alt,,0.12,0.3015,3
rs148818431,SDCCAG8,Other,1,243434326,het_alt,,0.12,0.12,1
rs180195,TG,Endocrine,8,133877623,het_alt,,0.12,0.12,1
rs1884302,BMP2,Other,20,7106289,het_alt,,0.12,0.12,1
rs200586605,AARS1,Other,16,70287706,het_alt,,0.12,0.12,1
rs20541,IL13,Immune,5,131995964,het_alt,,0.12,0.24,2
rs2057094,PADI2,Immune,1,17405949,het_alt,,0.12,0.201,2
rs2070197,IRF5,Immune,7,128589000,het_alt,,0.12,0.3285,3
rs2073711,CILP,Other,15,65494212,het_alt,,0.12,0.12,1
rs2282983,CDK6,Other,7,92279363,het_alt,,0.12,0.12,1
rs36044314,LAMA2,Other,6,129571272,het_alt,,0.12,0.12,1
rs3741240,SCGB1A1,Other,11,62186542,het_alt,,0.12,0.12,1
rs77025884,CNTNAP2,Neuro,7,148106477,het_alt,,0.108375,0.189375,2
rs587777123,AASS,Neuro,7,121755194,hom_alt,,0.108,0.108,1
rs13147758,HHIP,Other,4,145460230,het_alt,,0.108,0.213,2
rs1828591,HHIP,Other,4,145480780,het_alt,,0.108,0.213,2
rs137854557,NF1,Neuro,17,29541542,hom_alt,,0.108,0.108,1
rs34181110,MTHFD1,Nutrient Metabolism,14,64892470,het_alt,,0.108,0.108,1
rs786203950,NF1,Neuro,17,29527461,hom_alt,,0.108,0.108,1
rs4939827,SMAD7,Other,18,46453463,het_alt,,0.108,0.108,1
rs10090787,SNTB1,Other,8,121810549,het_alt,,0.108,0.108,1
rs121908538,SUCLA2,Metabolic,13,48528645,het_alt,,0.108,0.108,1
rs1044498,ENPP1,Endocrine,6,132172368,het_alt,,0.108,0.108,1
rs5982,F13A1,Cardiovascular,6,6174866,het_alt,,0.108,0.108,1
rs12913832,HERC2,Other,15,28365618,het_alt,,0.108,0.198,2
rs759330,BGLAP,Other,1,156213257,het_alt,,0.105,0.105,1
rs2919408,KCNB2,Neuro,8,73739252,het_alt,,0.105,0.105,1
rs2227956,HSPA1L,Other,6,31778272,het_alt,,0.105,0.105,1
rs2070426,PCNT,Other,21,47850484,het_alt,,0.105,0.105,1
rs203462,AKAP10,Cardiovascular,17,19812541,het_alt,,0.105,0.29925,3
rs5744168,TLR5,Immune,1,223285200,het_alt,,0.105,0.105,1
rs12821256,KITLG,Other,12,89328335,het_alt,,0.105,0.105,1
rs10274334,PKD1L1,Other,7,47925331,het_alt,,0.105,0.105,1
rs642742,KITLG,Other,12,89299746,het_alt,,0.105,0.105,1
rs8010699,SYNE2,Cardiovascular,14,64522843,hom_alt,,0.096,0.096,1
rs1044498,ENPP1,Metabolic,6,132172368,het_alt,,0.096,0.096,1
rs3827075,SLC4A11,Other,20,3214819,het_alt,,0.096,0.096,1
rs9697983,GLUD2,Neuro,23,120183030,hom_alt,,0.096,0.096,1
rs1884302,BMP2,Endocrine,20,7106289,het_alt,,0.096,0.096,1
rs12821256,KITLG,Immune,12,89328335,het_alt,,0.0945,0.0945,1
rs35264875,TPCN2,Other,11,68846399,het_alt,,0.0945,0.1845,2
rs11549465,HIF1A,Cardiovascular,14,62207557,het_alt,,0.0945,0.0945,1
rs10757274,CDKN2B-AS1,Cardiovascular,9,22096055,het_alt,,0.0945,0.1845,2
rs3829241,TPCN2,Other,11,68855363,het_alt,,0.0945,0.1845,2
rs1801206,WFS1,Endocrine,4,6302707,het_alt,,0.0945,0.1665,2
rs1801214,WFS1,Endocrine,4,6303022,het_alt,,0.0945,0.1665,2
rs1333042,CDKN2B-AS1,Cardiovascular,9,22103813,het_alt,,0.0945,0.1845,2
rs642742,KITLG,Immune,12,89299746,het_alt,,0.0945,0.0945,1
rs192861143,DCAF17,Other,2,172305177,het_alt,,0.0945,0.0945,1
rs4977574,CDKN2B-AS1,Cardiovascular,9,22098574,het_alt,,0.0945,0.1845,2
rs1333049,CDKN2B-AS1,Cardiovascular,9,22125503,het_alt,,0.0945,0.1845,2
rs140806590,LMBR1,Other,7,156521410,het_alt,,0.09,0.09,1
